{
  "model": "CNNBiLSTMForABSA",
  "n_folds": 5,
  "best_fold": 4,
  "best_combined_f1": 0.8008443842066424,
  "avg_metrics": {
    "mention_precision_macro": 0.7287062870365564,
    "mention_precision_macro_std": 0.01111507430015631,
    "mention_recall_macro": 0.7733188239454707,
    "mention_recall_macro_std": 0.010184416204660977,
    "mention_f1_macro": 0.7394184095217733,
    "mention_f1_macro_std": 0.012852076670330522,
    "mention_f1_micro": 0.7744139565315937,
    "mention_f1_micro_std": 0.014057761059227356,
    "mention_f1_weighted": 0.7843790374399351,
    "mention_f1_weighted_std": 0.012669348792075638,
    "mention_auc_roc": 0.8543016875258111,
    "mention_auc_roc_std": 0.010170587066442987,
    "mention_auc_pr": 0.6798755529314371,
    "mention_auc_pr_std": 0.022483744733701762,
    "sentiment_precision_macro": 0.7232661207418098,
    "sentiment_precision_macro_std": 0.007688647837008333,
    "sentiment_recall_macro": 0.7843533327193389,
    "sentiment_recall_macro_std": 0.007533252593356142,
    "sentiment_f1_macro": 0.7505472583674686,
    "sentiment_f1_macro_std": 0.005651934214777111,
    "sentiment_f1_micro": 0.8355295827686684,
    "sentiment_f1_micro_std": 0.008808303961526863,
    "sentiment_f1_weighted": 0.8387494814924139,
    "sentiment_f1_weighted_std": 0.00888136182021791,
    "sentiment_f1_samples": 0.8423912485773905,
    "sentiment_f1_samples_std": 0.008434478290348345,
    "sentiment_auc_roc": 0.921549081770659,
    "sentiment_auc_roc_std": 0.002642897207863803,
    "sentiment_auc_pr": 0.8192886680110112,
    "sentiment_auc_pr_std": 0.010409958175966837,
    "combined_f1": 0.7909048290495819,
    "combined_f1_std": 0.009721650136700764
  },
  "fold_results": [
    {
      "mention_precision_macro": 0.7284474449133392,
      "mention_recall_macro": 0.7744923971106402,
      "mention_f1_macro": 0.7398816487047509,
      "mention_f1_micro": 0.77604244137042,
      "mention_f1_weighted": 0.7861645781471797,
      "mention_auc_roc": 0.8556406113074064,
      "mention_auc_pr": 0.6716513613021382,
      "sentiment_precision_macro": 0.713486277296481,
      "sentiment_recall_macro": 0.7826276766227199,
      "sentiment_f1_macro": 0.7432866078322324,
      "sentiment_f1_micro": 0.846794762795443,
      "sentiment_f1_weighted": 0.8515269549623575,
      "sentiment_f1_samples": 0.8536924633282751,
      "sentiment_auc_roc": 0.9229002229349604,
      "sentiment_auc_pr": 0.8114280279937359,
      "combined_f1": 0.796787056016513
    },
    {
      "mention_precision_macro": 0.7372409174447996,
      "mention_recall_macro": 0.7762563059321439,
      "mention_f1_macro": 0.7493211374193116,
      "mention_f1_micro": 0.7876444047796123,
      "mention_f1_weighted": 0.7956482624187722,
      "mention_auc_roc": 0.8607328028049669,
      "mention_auc_pr": 0.7061352640584087,
      "sentiment_precision_macro": 0.7289676619781281,
      "sentiment_recall_macro": 0.7703743386928119,
      "sentiment_f1_macro": 0.7488844447845354,
      "sentiment_f1_micro": 0.8370427219237657,
      "sentiment_f1_weighted": 0.838110660905127,
      "sentiment_f1_samples": 0.8434248464334965,
      "sentiment_auc_roc": 0.9176214701786302,
      "sentiment_auc_pr": 0.8027012808526743,
      "combined_f1": 0.796372991926404
    },
    {
      "mention_precision_macro": 0.7087531830944664,
      "mention_recall_macro": 0.7555476862291826,
      "mention_f1_macro": 0.7159142584961058,
      "mention_f1_micro": 0.7482638888888888,
      "mention_f1_weighted": 0.7607082491325922,
      "mention_auc_roc": 0.835900546823751,
      "mention_auc_pr": 0.6417200061792068,
      "sentiment_precision_macro": 0.716006366209894,
      "sentiment_recall_macro": 0.7886114355340368,
      "sentiment_f1_macro": 0.7473055527503624,
      "sentiment_f1_micro": 0.8244836524793043,
      "sentiment_f1_weighted": 0.8289904818911898,
      "sentiment_f1_samples": 0.8317504655493483,
      "sentiment_auc_roc": 0.9201027705290369,
      "sentiment_auc_pr": 0.8255943816432153,
      "combined_f1": 0.773832362022727
    },
    {
      "mention_precision_macro": 0.7408103762404493,
      "mention_recall_macro": 0.7872019967728923,
      "mention_f1_macro": 0.7526526987615436,
      "mention_f1_micro": 0.7856646825396826,
      "mention_f1_weighted": 0.7949654111669247,
      "mention_auc_roc": 0.8658997579669221,
      "mention_auc_pr": 0.6974232442193855,
      "sentiment_precision_macro": 0.733957290902843,
      "sentiment_recall_macro": 0.7910029292104421,
      "sentiment_f1_macro": 0.7597711386671229,
      "sentiment_f1_micro": 0.8428860418071477,
      "sentiment_f1_weighted": 0.8457037192793551,
      "sentiment_f1_samples": 0.8490360696517413,
      "sentiment_auc_roc": 0.9254956225485801,
      "sentiment_auc_pr": 0.8288942764363408,
      "combined_f1": 0.8008443842066424
    },
    {
      "mention_precision_macro": 0.7282795134897275,
      "mention_recall_macro": 0.7730957336824948,
      "mention_f1_macro": 0.7393223042271546,
      "mention_f1_micro": 0.774454365079365,
      "mention_f1_weighted": 0.784408686334207,
      "mention_auc_roc": 0.8533347187260093,
      "mention_auc_pr": 0.6824478888980461,
      "sentiment_precision_macro": 0.7239130073217029,
      "sentiment_recall_macro": 0.7891502835366841,
      "sentiment_f1_macro": 0.7534885478030904,
      "sentiment_f1_micro": 0.8264407348376814,
      "sentiment_f1_weighted": 0.8294155904240408,
      "sentiment_f1_samples": 0.8340523979240917,
      "sentiment_auc_roc": 0.9216253226620873,
      "sentiment_auc_pr": 0.8278253731290891,
      "combined_f1": 0.7866873510756232
    }
  ],
  "timestamp": "2026-05-05T16:54:52.358778"
}