{
  "model": "CNNBiLSTMForABSA",
  "n_folds": 5,
  "best_fold": 3,
  "best_combined_f1": 0.8047579481765641,
  "avg_metrics": {
    "mention_precision_macro": 0.9159665748661707,
    "mention_precision_macro_std": 0.003493750029320277,
    "mention_recall_macro": 0.913533409451663,
    "mention_recall_macro_std": 0.003700358185561373,
    "mention_f1_macro": 0.914153100594382,
    "mention_f1_macro_std": 0.0035886669022072,
    "mention_f1_micro": 0.9144427950959372,
    "mention_f1_micro_std": 0.0035274299817883666,
    "mention_f1_weighted": 0.9143167957802489,
    "mention_f1_weighted_std": 0.0035445056575964494,
    "mention_auc_roc": 0.9710398166104243,
    "mention_auc_roc_std": 0.002247362019459336,
    "mention_auc_pr": 0.9744102338346885,
    "mention_auc_pr_std": 0.002151599081808643,
    "sentiment_precision_macro": 0.8547325289142801,
    "sentiment_precision_macro_std": 0.006388707821374043,
    "sentiment_recall_macro": 0.5297957580772739,
    "sentiment_recall_macro_std": 0.012020801005762959,
    "sentiment_f1_macro": 0.624097173273636,
    "sentiment_f1_macro_std": 0.012581569148773388,
    "sentiment_f1_micro": 0.7766708222892993,
    "sentiment_f1_micro_std": 0.005873121359874593,
    "sentiment_f1_weighted": 0.7563288445304075,
    "sentiment_f1_weighted_std": 0.0073670178946114,
    "sentiment_f1_samples": 0.6844161808068303,
    "sentiment_f1_samples_std": 0.005714270469849339,
    "sentiment_auc_roc": 0.8633423685054457,
    "sentiment_auc_roc_std": 0.004635362047638749,
    "sentiment_auc_pr": 0.7540996955084911,
    "sentiment_auc_pr_std": 0.008810684885174863,
    "combined_f1": 0.799284640700606,
    "combined_f1_std": 0.004436703988554166
  },
  "fold_results": [
    {
      "mention_precision_macro": 0.9188742460572614,
      "mention_recall_macro": 0.916506624145935,
      "mention_f1_macro": 0.9171059374638573,
      "mention_f1_micro": 0.917367639782286,
      "mention_f1_weighted": 0.9172506163385268,
      "mention_auc_roc": 0.9733780503584867,
      "mention_auc_pr": 0.9766230066629582,
      "sentiment_precision_macro": 0.854254609627637,
      "sentiment_recall_macro": 0.5481632697839925,
      "sentiment_f1_macro": 0.6405392422307288,
      "sentiment_f1_micro": 0.7821385662795355,
      "sentiment_f1_weighted": 0.7644687067766226,
      "sentiment_f1_samples": 0.6883038281131789,
      "sentiment_auc_roc": 0.8700719969964523,
      "sentiment_auc_pr": 0.7643262867367246,
      "combined_f1": 0.8027048827885181
    },
    {
      "mention_precision_macro": 0.9134034412400234,
      "mention_recall_macro": 0.9115923237613144,
      "mention_f1_macro": 0.912113119396001,
      "mention_f1_micro": 0.9123646159766892,
      "mention_f1_weighted": 0.9122684631215853,
      "mention_auc_roc": 0.9691506001660866,
      "mention_auc_pr": 0.9730118802414326,
      "sentiment_precision_macro": 0.8634181150518563,
      "sentiment_recall_macro": 0.5280420868171671,
      "sentiment_f1_macro": 0.6263098966121955,
      "sentiment_f1_micro": 0.7791570881226053,
      "sentiment_f1_weighted": 0.7572190555062132,
      "sentiment_f1_samples": 0.6881206883481161,
      "sentiment_auc_roc": 0.8636059292797936,
      "sentiment_auc_pr": 0.7595078807251143,
      "combined_f1": 0.8001169038720586
    },
    {
      "mention_precision_macro": 0.920950366684621,
      "mention_recall_macro": 0.9190340341097047,
      "mention_f1_macro": 0.9194029653831186,
      "mention_f1_micro": 0.9195667711254054,
      "mention_f1_weighted": 0.919475079862345,
      "mention_auc_roc": 0.9739119299300232,
      "mention_auc_pr": 0.977336928733689,
      "sentiment_precision_macro": 0.859699869516051,
      "sentiment_recall_macro": 0.537520565266823,
      "sentiment_f1_macro": 0.6325757094757012,
      "sentiment_f1_micro": 0.7826303968055902,
      "sentiment_f1_weighted": 0.7638869443356148,
      "sentiment_f1_samples": 0.6901129309700097,
      "sentiment_auc_roc": 0.866408531186746,
      "sentiment_auc_pr": 0.7585754637206764,
      "combined_f1": 0.8047579481765641
    },
    {
      "mention_precision_macro": 0.9151696959985064,
      "mention_recall_macro": 0.9117265063955613,
      "mention_f1_macro": 0.9126467387413673,
      "mention_f1_micro": 0.913079333663203,
      "mention_f1_weighted": 0.912898522504467,
      "mention_auc_roc": 0.9704866616042058,
      "mention_auc_pr": 0.9731445016056313,
      "sentiment_precision_macro": 0.8510558018362838,
      "sentiment_recall_macro": 0.5212458198715232,
      "sentiment_f1_macro": 0.6167049442723032,
      "sentiment_f1_micro": 0.7711422435831885,
      "sentiment_f1_weighted": 0.7502263687797627,
      "sentiment_f1_samples": 0.6803867614461515,
      "sentiment_auc_roc": 0.859332228768151,
      "sentiment_auc_pr": 0.7480481527507514,
      "combined_f1": 0.7965167500937593
    },
    {
      "mention_precision_macro": 0.9114351243504408,
      "mention_recall_macro": 0.9088075588457998,
      "mention_f1_macro": 0.9094967419875657,
      "mention_f1_micro": 0.9098356149321019,
      "mention_f1_weighted": 0.909691297074321,
      "mention_auc_roc": 0.9682718409933196,
      "mention_auc_pr": 0.9719348519297315,
      "sentiment_precision_macro": 0.8452342485395725,
      "sentiment_recall_macro": 0.5140070486468638,
      "sentiment_f1_macro": 0.6043560737772514,
      "sentiment_f1_micro": 0.7682858166555766,
      "sentiment_f1_weighted": 0.7458431472538246,
      "sentiment_f1_samples": 0.6751566951566951,
      "sentiment_auc_roc": 0.8572931562960852,
      "sentiment_auc_pr": 0.7400406936091883,
      "combined_f1": 0.7923267185721303
    }
  ],
  "timestamp": "2026-04-28T11:20:08.943900"
}