{
  "model": "LogisticRegressionABSA",
  "n_folds": 5,
  "best_fold": 4,
  "best_combined_f1": 0.8400538684380151,
  "avg_metrics": {
    "mention_precision_macro": 0.8415675686782942,
    "mention_precision_macro_std": 0.002566261075135572,
    "mention_recall_macro": 0.8365845352706165,
    "mention_recall_macro_std": 0.0029238423948733127,
    "mention_f1_macro": 0.8385002874778607,
    "mention_f1_macro_std": 0.002825544110679331,
    "mention_f1_micro": 0.841860465116279,
    "mention_f1_micro_std": 0.002959976871051821,
    "mention_f1_weighted": 0.8412785280940792,
    "mention_f1_weighted_std": 0.0030231745342529158,
    "mention_auc_roc": 0.9188229990152236,
    "mention_auc_roc_std": 0.0030632415392894473,
    "mention_auc_pr": 0.9267084849158138,
    "mention_auc_pr_std": 0.005804798415600935,
    "sentiment_precision_macro": 0.9155172179567124,
    "sentiment_precision_macro_std": 0.004565802932943217,
    "sentiment_recall_macro": 0.6929739247469665,
    "sentiment_recall_macro_std": 0.0022261872343594777,
    "sentiment_f1_macro": 0.7773492146763079,
    "sentiment_f1_macro_std": 0.002242079609194103,
    "sentiment_f1_micro": 0.8460642193094572,
    "sentiment_f1_micro_std": 0.0006915840839123492,
    "sentiment_f1_weighted": 0.8376742802380454,
    "sentiment_f1_weighted_std": 0.00045226523007815345,
    "sentiment_f1_samples": 0.7835321696953614,
    "sentiment_f1_samples_std": 0.0011579015759131284,
    "sentiment_auc_roc": 0.8478676108767358,
    "sentiment_auc_roc_std": 0.003178233806394609,
    "sentiment_auc_pr": 0.8418195419277552,
    "sentiment_auc_pr_std": 0.00392158935129841,
    "combined_f1": 0.8369241178534802,
    "combined_f1_std": 0.0020161110023068406,
    "combined_precision_macro": 0.8785423933175032,
    "combined_precision_macro_std": 0.0027534022424192707,
    "combined_recall_macro": 0.7647792300087914,
    "combined_recall_macro_std": 0.002024091292646881,
    "combined_f1_macro": 0.8079247510770843,
    "combined_f1_macro_std": 0.0020231111951959984,
    "combined_f1_micro": 0.8439623422128681,
    "combined_f1_micro_std": 0.0017121216762045397,
    "combined_f1_weighted": 0.8394764041660622,
    "combined_f1_weighted_std": 0.0016011789797831654,
    "combined_auc_roc": 0.8833453049459796,
    "combined_auc_roc_std": 0.0021008681823855057,
    "combined_auc_pr": 0.8842640134217845,
    "combined_auc_pr_std": 0.003832944598331958,
    "combined_score": 0.8369241178534802,
    "combined_score_std": 0.0020161110023068406
  },
  "fold_results": [
    {
      "mention_precision_macro": 0.8416330617544436,
      "mention_recall_macro": 0.8364863413287564,
      "mention_f1_macro": 0.83852390873227,
      "mention_f1_micro": 0.8422123261311781,
      "mention_f1_weighted": 0.8416139142869028,
      "mention_auc_roc": 0.9204281523323915,
      "mention_auc_pr": 0.9312458862037925,
      "sentiment_precision_macro": 0.9198077785293499,
      "sentiment_recall_macro": 0.6942456916868034,
      "sentiment_f1_macro": 0.7787541256470584,
      "sentiment_f1_micro": 0.8469366344943349,
      "sentiment_f1_weighted": 0.8378971861306652,
      "sentiment_f1_samples": 0.783850608367493,
      "sentiment_auc_roc": 0.8483399594308846,
      "sentiment_auc_pr": 0.8437049663178738,
      "combined_f1": 0.83807691666705,
      "combined_precision_macro": 0.8807204201418968,
      "combined_recall_macro": 0.7653660165077799,
      "combined_f1_macro": 0.8086390171896642,
      "combined_f1_micro": 0.8445744803127565,
      "combined_f1_weighted": 0.839755550208784,
      "combined_auc_roc": 0.884384055881638,
      "combined_auc_pr": 0.8874754262608331,
      "combined_score": 0.83807691666705
    },
    {
      "mention_precision_macro": 0.836967538865889,
      "mention_recall_macro": 0.8319296620722296,
      "mention_f1_macro": 0.8338124651227988,
      "mention_f1_micro": 0.8369344109076915,
      "mention_f1_weighted": 0.8363207913992288,
      "mention_auc_roc": 0.9149510614326365,
      "mention_auc_pr": 0.921830531658948,
      "sentiment_precision_macro": 0.9156881747010899,
      "sentiment_recall_macro": 0.6931633094280353,
      "sentiment_f1_macro": 0.7780639354181133,
      "sentiment_f1_micro": 0.8450854132297376,
      "sentiment_f1_weighted": 0.8373280869711165,
      "sentiment_f1_samples": 0.7815306391970417,
      "sentiment_auc_roc": 0.8447449504966716,
      "sentiment_auc_pr": 0.838988724672586,
      "combined_f1": 0.8340669855276029,
      "combined_precision_macro": 0.8763278567834895,
      "combined_recall_macro": 0.7625464857501325,
      "combined_f1_macro": 0.805938200270456,
      "combined_f1_micro": 0.8410099120687146,
      "combined_f1_weighted": 0.8368244391851727,
      "combined_auc_roc": 0.8798480059646541,
      "combined_auc_pr": 0.880409628165767,
      "combined_score": 0.8340669855276029
    },
    {
      "mention_precision_macro": 0.8419182503239777,
      "mention_recall_macro": 0.8373930740484474,
      "mention_f1_macro": 0.8391816493037152,
      "mention_f1_micro": 0.8423772609819121,
      "mention_f1_weighted": 0.8418525525121302,
      "mention_auc_roc": 0.9208403066738898,
      "mention_auc_pr": 0.9304072220241459,
      "sentiment_precision_macro": 0.9143875983950808,
      "sentiment_recall_macro": 0.6889084023819331,
      "sentiment_f1_macro": 0.7752252479480922,
      "sentiment_f1_micro": 0.8466173361522199,
      "sentiment_f1_weighted": 0.8384050411362346,
      "sentiment_f1_samples": 0.7832644763591055,
      "sentiment_auc_roc": 0.84399850333241,
      "sentiment_auc_pr": 0.8361356408743826,
      "combined_f1": 0.8361111047818813,
      "combined_precision_macro": 0.8781529243595292,
      "combined_recall_macro": 0.7631507382151903,
      "combined_f1_macro": 0.8072034486259037,
      "combined_f1_micro": 0.844497298567066,
      "combined_f1_weighted": 0.8401287968241824,
      "combined_auc_roc": 0.88241940500315,
      "combined_auc_pr": 0.8832714314492642,
      "combined_score": 0.8361111047818813
    },
    {
      "mention_precision_macro": 0.8448612900046982,
      "mention_recall_macro": 0.8410701038753678,
      "mention_f1_macro": 0.8426764843268453,
      "mention_f1_micro": 0.8462257408323712,
      "mention_f1_weighted": 0.8458009213311607,
      "mention_auc_roc": 0.922500776605373,
      "mention_auc_pr": 0.9322673694423712,
      "sentiment_precision_macro": 0.9201348920067692,
      "sentiment_recall_macro": 0.6955422942917356,
      "sentiment_f1_macro": 0.7803629233374819,
      "sentiment_f1_micro": 0.8462059267746471,
      "sentiment_f1_weighted": 0.8376300226132497,
      "sentiment_f1_samples": 0.7839500178045385,
      "sentiment_auc_roc": 0.8496592739034319,
      "sentiment_auc_pr": 0.8474842382082701,
      "combined_f1": 0.8400538684380151,
      "combined_precision_macro": 0.8824980910057337,
      "combined_recall_macro": 0.7683061990835518,
      "combined_f1_macro": 0.8115197038321635,
      "combined_f1_micro": 0.8462158338035092,
      "combined_f1_weighted": 0.8417154719722052,
      "combined_auc_roc": 0.8860800252544024,
      "combined_auc_pr": 0.8898758038253207,
      "combined_score": 0.8400538684380151
    },
    {
      "mention_precision_macro": 0.8424577024424623,
      "mention_recall_macro": 0.8360434950282807,
      "mention_f1_macro": 0.8383069299036747,
      "mention_f1_micro": 0.8415525867282423,
      "mention_f1_weighted": 0.8408044609409729,
      "mention_auc_roc": 0.915394698031827,
      "mention_auc_pr": 0.9177914152498111,
      "sentiment_precision_macro": 0.9075676461512718,
      "sentiment_recall_macro": 0.6930099259463249,
      "sentiment_f1_macro": 0.7743398410307937,
      "sentiment_f1_micro": 0.8454757858963466,
      "sentiment_f1_weighted": 0.8371110643389607,
      "sentiment_f1_samples": 0.7850651067486284,
      "sentiment_auc_roc": 0.8525953672202808,
      "sentiment_auc_pr": 0.8427841395656634,
      "combined_f1": 0.8363117138528519,