{
  "model": "NaiveBayesABSA",
  "n_folds": 5,
  "best_fold": 1,
  "best_combined_f1": 0.6744380689694685,
  "avg_metrics": {
    "mention_precision_macro": 0.7967481298900413,
    "mention_precision_macro_std": 0.0039821273617706475,
    "mention_recall_macro": 0.8139158692312372,
    "mention_recall_macro_std": 0.005169947863143751,
    "mention_f1_macro": 0.8044395466610205,
    "mention_f1_macro_std": 0.004401611851329368,
    "mention_f1_micro": 0.8433610500201866,
    "mention_f1_micro_std": 0.003447247082079491,
    "mention_f1_weighted": 0.8455575290691684,
    "mention_f1_weighted_std": 0.0034833888929314085,
    "mention_auc_roc": 0.8860510937819683,
    "mention_auc_roc_std": 0.004763893060890956,
    "mention_auc_pr": 0.7678361479732361,
    "mention_auc_pr_std": 0.007081591580280593,
    "sentiment_precision_macro": 0.5856668637610907,
    "sentiment_precision_macro_std": 0.007584015397350513,
    "sentiment_recall_macro": 0.4919721614919565,
    "sentiment_recall_macro_std": 0.00980124044685185,
    "sentiment_f1_macro": 0.5271195543656557,
    "sentiment_f1_macro_std": 0.006410748463734129,
    "sentiment_f1_micro": 0.6568297141622172,
    "sentiment_f1_micro_std": 0.008819702544787322,
    "sentiment_f1_weighted": 0.673469372976707,
    "sentiment_f1_weighted_std": 0.009667115356513848,
    "sentiment_f1_samples": 0.5655152077780621,
    "sentiment_f1_samples_std": 0.009726327210501488,
    "sentiment_auc_roc": 0.6054257548382791,
    "sentiment_auc_roc_std": 0.0019612738063924788,
    "sentiment_auc_pr": 0.576829935676518,
    "sentiment_auc_pr_std": 0.0051998415404094596,
    "combined_precision_macro": 0.6912074968255659,
    "combined_precision_macro_std": 0.005120286394722971,
    "combined_recall_macro": 0.652944015361597,
    "combined_recall_macro_std": 0.007118877600973837,
    "combined_f1_macro": 0.665779550513338,
    "combined_f1_macro_std": 0.004795121784398148,
    "combined_f1_micro": 0.750095382091202,
    "combined_f1_micro_std": 0.005587516975630428,
    "combined_f1_weighted": 0.7595134510229377,
    "combined_f1_weighted_std": 0.006263420884554368,
    "combined_auc_roc": 0.7457384243101238,
    "combined_auc_roc_std": 0.003163587269338324,
    "combined_auc_pr": 0.672333041824877,
    "combined_auc_pr_std": 0.0048714578060342914,
    "combined_score": 0.666944465011579,
    "combined_score_std": 0.004894600513829866,
    "combined_f1": 0.666944465011579,
    "combined_f1_std": 0.004894600513829866
  },
  "fold_results": [
    {
      "mention_precision_macro": 0.8012635161703727,
      "mention_recall_macro": 0.8191944702129127,
      "mention_f1_macro": 0.8093115092713873,
      "mention_f1_micro": 0.8482324359165055,
      "mention_f1_weighted": 0.8504236601668288,
      "mention_auc_roc": 0.8880373290117685,
      "mention_auc_pr": 0.7702877904518276,
      "sentiment_precision_macro": 0.5976434962957944,
      "sentiment_recall_macro": 0.5085059205892856,
      "sentiment_f1_macro": 0.5378795942181658,
      "sentiment_f1_micro": 0.6713881019830028,
      "sentiment_f1_weighted": 0.6900896844792579,
      "sentiment_f1_samples": 0.5817842690945877,
      "sentiment_auc_roc": 0.606911259392597,
      "sentiment_auc_pr": 0.5866777330829939,
      "combined_precision_macro": 0.6994535062330836,
      "combined_recall_macro": 0.6638501954010991,
      "combined_f1_macro": 0.6735955517447765,
      "combined_f1_micro": 0.7598102689497541,
      "combined_f1_weighted": 0.7702566723230433,
      "combined_auc_roc": 0.7474742942021828,
      "combined_auc_pr": 0.6784827617674107,
      "combined_score": 0.6744380689694685,
      "combined_f1": 0.6744380689694685
    },
    {
      "mention_precision_macro": 0.7940789219496733,
      "mention_recall_macro": 0.8089766394321997,
      "mention_f1_macro": 0.8008650949878384,
      "mention_f1_micro": 0.8413406713272844,
      "mention_f1_weighted": 0.843299238751606,
      "mention_auc_roc": 0.8826361666162178,
      "mention_auc_pr": 0.7657653851084056,
      "sentiment_precision_macro": 0.5861022392572657,
      "sentiment_recall_macro": 0.49036016490455947,
      "sentiment_f1_macro": 0.530032759136167,
      "sentiment_f1_micro": 0.6621813702264758,
      "sentiment_f1_weighted": 0.6749832098984422,
      "sentiment_f1_samples": 0.5659395762818101,
      "sentiment_auc_roc": 0.6039054383375236,
      "sentiment_auc_pr": 0.5715377155682364,
      "combined_precision_macro": 0.6900905806034695,
      "combined_recall_macro": 0.6496684021683796,
      "combined_f1_macro": 0.6654489270620028,
      "combined_f1_micro": 0.7517610207768801,
      "combined_f1_weighted": 0.7591412243250241,
      "combined_auc_roc": 0.7432708024768707,
      "combined_auc_pr": 0.668651550338321,
      "combined_score": 0.6654455906042693,
      "combined_f1": 0.6654455906042693
    },
    {
      "mention_precision_macro": 0.798791074930006,
      "mention_recall_macro": 0.814584254044519,
      "mention_f1_macro": 0.8059406954162566,
      "mention_f1_micro": 0.8441964285714286,
      "mention_f1_weighted": 0.8462008905142031,
      "mention_auc_roc": 0.88784461668826,
      "mention_auc_pr": 0.7677829836906684,
      "sentiment_precision_macro": 0.5757481614101456,
      "sentiment_recall_macro": 0.4881196728088552,
      "sentiment_f1_macro": 0.5222102816507704,
      "sentiment_f1_micro": 0.6480177843645795,
      "sentiment_f1_weighted": 0.6645162733046095,
      "sentiment_f1_samples": 0.5568901303538175,
      "sentiment_auc_roc": 0.6080603003811026,
      "sentiment_auc_pr": 0.5739057443733585,
      "combined_precision_macro": 0.6872696181700758,
      "combined_recall_macro": 0.6513519634266871,
      "combined_f1_macro": 0.6640754885335135,
      "combined_f1_micro": 0.746107106468004,
      "combined_f1_weighted": 0.7553585819094063,
      "combined_auc_roc": 0.7479524585346813,
      "combined_auc_pr": 0.6708443640320134,
      "combined_score": 0.6650600869340245,
      "combined_f1": 0.6650600869340245
    },
    {
      "mention_precision_macro": 0.7992777744184366,
      "mention_recall_macro": 0.8197534288019362,
      "mention_f1_macro": 0.8082454312381433,
      "mention_f1_micro": 0.8449900793650794,
      "mention_f1_weighted": 0.8475507545603276,
      "mention_auc_roc": 0.8927455690298507,
      "mention_auc_pr": 0.7786356283429782,
      "sentiment_precision_macro": 0.5890282596463879,
      "sentiment_recall_macro": 0.49444538846408004,
      "sentiment_f1_macro": 0.5257968738287865,
      "sentiment_f1_micro": 0.6534154535274356,
      "sentiment_f1_weighted": 0.6746423248988098,
      "sentiment_f1_samples": 0.568594527363184,
      "sentiment_auc_roc": 0.6056082427667857,
      "sentiment_auc_pr": 0.5764163918325956,
      "combined_precision_macro": 0.6941530170324123,
      "combined_recall_macro": 0.6570994086330082,
      "combined_f1_macro": 0.6670211525334648,
      "combined_f1_micro": 0.7492027664462575,
      "combined_f1_weighted": 0.7610965397295687,
      "combined_auc_roc": 0.7491769058983182,
      "combined_auc_pr": 0.6775260100877869,
      "combined_score": 0.6698585181301439,
      "combined_f1": 0.6698585181301439
    },
    {
      "mention_precision_macro": 0.7903293619817175,
      "mention_recall_macro": 0.8070705536646186,
      "mention_f1_macro": 0.7978350023914769,
      "mention_f1_micro": 0.8380456349206349,
      "mention_f1_weighted": 0.8403131013528764,
      "mention_auc_roc": 0.8789917875637453,
      "mention_auc_pr": 0.7567089522723003,
      "sentiment_precision_macro": 0.5798121621958596,
      "sentiment_recall_macro": 0.4784296606930025,
      "sentiment_f1_macro": 0.5196782629943894,
      "sentiment_f1_micro": 0.6491458607095927,
      "sentiment_f1_weighted": 0.663115372302416,
      "sentiment_f1_samples": 0.5543675357969112,
      "sentiment_auc_roc": 0.6026435333133865,
      "sentiment_auc_pr": 0.5756120935254054,
      "combined_precision_macro": 0.6850707620887886,