{
  "model": "NaiveBayesABSA",
  "n_folds": 5,
  "best_fold": 3,
  "best_combined_f1": 0.8009236530121697,
  "avg_metrics": {
    "mention_precision_macro": 0.8544827835871084,
    "mention_precision_macro_std": 0.004280917886759152,
    "mention_recall_macro": 0.8528632103261957,
    "mention_recall_macro_std": 0.0038749144494083414,
    "mention_f1_macro": 0.8512425736848387,
    "mention_f1_macro_std": 0.004064142439532042,
    "mention_f1_micro": 0.8513167298916928,
    "mention_f1_micro_std": 0.004096173611785647,
    "mention_f1_weighted": 0.8511485708001624,
    "mention_f1_weighted_std": 0.004060959998140001,
    "mention_auc_roc": 0.9372325829736512,
    "mention_auc_roc_std": 0.0034931489421413235,
    "mention_auc_pr": 0.9401196071781419,
    "mention_auc_pr_std": 0.004147902197782238,
    "sentiment_precision_macro": 0.8730768399288686,
    "sentiment_precision_macro_std": 0.006635900953164757,
    "sentiment_recall_macro": 0.553219576019363,
    "sentiment_recall_macro_std": 0.0033841320687416744,
    "sentiment_f1_macro": 0.6136901930092741,
    "sentiment_f1_macro_std": 0.005816514995702937,
    "sentiment_f1_micro": 0.7892359922431936,
    "sentiment_f1_micro_std": 0.0032735484569693836,
    "sentiment_f1_weighted": 0.7617849166268568,
    "sentiment_f1_weighted_std": 0.0037275431015949103,
    "sentiment_f1_samples": 0.7399674765399408,
    "sentiment_f1_samples_std": 0.005200737347693226,
    "sentiment_auc_roc": 0.8160069958166073,
    "sentiment_auc_roc_std": 0.005108043808618953,
    "sentiment_auc_pr": 0.7775489917426551,
    "sentiment_auc_pr_std": 0.006090469451267462,
    "combined_f1": 0.7956050251123898,
    "combined_f1_std": 0.004388095816203682
  },
  "fold_results": [
    {
      "mention_precision_macro": 0.85418210137742,
      "mention_recall_macro": 0.8527712302598021,
      "mention_f1_macro": 0.8512814305239933,
      "mention_f1_micro": 0.851338721205124,
      "mention_f1_weighted": 0.8511907603983945,
      "mention_auc_roc": 0.9360569881269935,
      "mention_auc_pr": 0.9399149718557622,
      "sentiment_precision_macro": 0.8640926970160905,
      "sentiment_recall_macro": 0.5510256488290263,
      "sentiment_f1_macro": 0.6096923692280805,
      "sentiment_f1_micro": 0.7860947308350771,
      "sentiment_f1_weighted": 0.7579856417488643,
      "sentiment_f1_samples": 0.7347556362535936,
      "sentiment_auc_roc": 0.8059788729702771,
      "sentiment_auc_pr": 0.7673538366594602,
      "combined_f1": 0.7930185333887935
    },
    {
      "mention_precision_macro": 0.8538974391359102,
      "mention_recall_macro": 0.852713792109696,
      "mention_f1_macro": 0.851186921607223,
      "mention_f1_micro": 0.851228764637968,
      "mention_f1_weighted": 0.8511044702581154,
      "mention_auc_roc": 0.935890278133659,
      "mention_auc_pr": 0.9374329416205138,
      "sentiment_precision_macro": 0.8806256443468247,
      "sentiment_recall_macro": 0.5598368654263338,
      "sentiment_f1_macro": 0.6251812535481958,
      "sentiment_f1_micro": 0.7932853717026379,
      "sentiment_f1_weighted": 0.7675136625336854,
      "sentiment_f1_samples": 0.7431203093017967,
      "sentiment_auc_roc": 0.8180018476123238,
      "sentiment_auc_pr": 0.7828160178738214,
      "combined_f1": 0.7971536154545098
    },
    {
      "mention_precision_macro": 0.8590129162811202,
      "mention_recall_macro": 0.8562239113856456,
      "mention_f1_macro": 0.8550071295229558,
      "mention_f1_micro": 0.855187201055583,
      "mention_f1_weighted": 0.8549057163821157,
      "mention_auc_roc": 0.941720858251988,
      "mention_auc_pr": 0.9453269034222586,
      "sentiment_precision_macro": 0.8801769351172593,
      "sentiment_recall_macro": 0.5515732261809037,
      "sentiment_f1_macro": 0.6110293697928406,
      "sentiment_f1_micro": 0.7930174563591023,
      "sentiment_f1_weighted": 0.7648734856633782,
      "sentiment_f1_samples": 0.7468401765013836,
      "sentiment_auc_roc": 0.8192012508877381,
      "sentiment_auc_pr": 0.7761880446081454,
      "combined_f1": 0.8009236530121697
    },
    {
      "mention_precision_macro": 0.8470022680924332,
      "mention_recall_macro": 0.8458774789855841,
      "mention_f1_macro": 0.8438285252277313,
      "mention_f1_micro": 0.8438616746385178,
      "mention_f1_weighted": 0.8437353316011811,
      "mention_auc_roc": 0.9320200533905453,
      "mention_auc_pr": 0.9340135005471634,
      "sentiment_precision_macro": 0.8730747044515592,
      "sentiment_recall_macro": 0.5508079503317665,
      "sentiment_f1_macro": 0.6123639577234349,
      "sentiment_f1_micro": 0.7858862039087321,
      "sentiment_f1_weighted": 0.7594883193631583,
      "sentiment_f1_samples": 0.733126958648628,
      "sentiment_auc_roc": 0.8198418788382041,
      "sentiment_auc_pr": 0.784703387834114,
      "combined_f1": 0.7884777419381797
    },
    {
      "mention_precision_macro": 0.8583191930486583,
      "mention_recall_macro": 0.8567296388902508,
      "mention_f1_macro": 0.8549088615422904,
      "mention_f1_micro": 0.8549672879212711,
      "mention_f1_weighted": 0.8548065753610062,
      "mention_auc_roc": 0.9404747369650706,
      "mention_auc_pr": 0.9439097184450115,
      "sentiment_precision_macro": 0.8674142187126103,
      "sentiment_recall_macro": 0.5528541893287846,
      "sentiment_f1_macro": 0.6101840147538186,
      "sentiment_f1_micro": 0.7878961984104185,
      "sentiment_f1_weighted": 0.7590634738251976,
      "sentiment_f1_samples": 0.7419943019943019,
      "sentiment_auc_roc": 0.8170111287744937,
      "sentiment_auc_pr": 0.7766836717377344,
      "combined_f1": 0.7984515817682962
    }
  ],
  "timestamp": "2026-04-28T11:11:29.699985"
}