{
  "model": "NaiveBayesABSA",
  "n_folds": 5,
  "best_fold": 1,
  "best_combined_f1": 0.6733226291035312,
  "avg_metrics": {
    "mention_precision_macro": 0.8126445939328253,
    "mention_precision_macro_std": 0.0035278524991801453,
    "mention_recall_macro": 0.7791016631206672,
    "mention_recall_macro_std": 0.003495834274055429,
    "mention_f1_macro": 0.7931270394675819,
    "mention_f1_macro_std": 0.003460372010809262,
    "mention_f1_micro": 0.8473681144330408,
    "mention_f1_micro_std": 0.002751870127523484,
    "mention_f1_weighted": 0.8430506987643295,
    "mention_f1_weighted_std": 0.0028778684536859478,
    "mention_auc_roc": 0.8860510937819683,
    "mention_auc_roc_std": 0.004763893060890956,
    "mention_auc_pr": 0.7678361479732361,
    "mention_auc_pr_std": 0.007081591580280602,
    "sentiment_precision_macro": 0.7861755134897078,
    "sentiment_precision_macro_std": 0.13838454753202475,
    "sentiment_recall_macro": 0.3983067383069275,
    "sentiment_recall_macro_std": 0.00516760750393594,
    "sentiment_f1_macro": 0.46374364479174035,
    "sentiment_f1_macro_std": 0.0076363929845494494,
    "sentiment_f1_micro": 0.6724201059739534,
    "sentiment_f1_micro_std": 0.009084460862432546,
    "sentiment_f1_weighted": 0.6487065935815048,
    "sentiment_f1_weighted_std": 0.010669156645252625,
    "sentiment_f1_samples": 0.5326056085443811,
    "sentiment_f1_samples_std": 0.010235027651393927,
    "sentiment_auc_roc": 0.6054257548382791,
    "sentiment_auc_roc_std": 0.0019612738063924788,
    "sentiment_auc_pr": 0.576829935676518,
    "sentiment_auc_pr_std": 0.0051998415404094596,
    "combined_f1": 0.6628663240059816,
    "combined_f1_std": 0.006668310314040777
  },
  "fold_results": [
    {
      "mention_precision_macro": 0.8154142221386894,
      "mention_recall_macro": 0.7839402643727699,
      "mention_f1_macro": 0.7973281110143462,
      "mention_f1_micro": 0.851008974168278,
      "mention_f1_weighted": 0.8471044412510123,
      "mention_auc_roc": 0.8880373290117685,
      "mention_auc_pr": 0.7702877904518277,
      "sentiment_precision_macro": 0.8979396625859363,
      "sentiment_recall_macro": 0.404699497898497,
      "sentiment_f1_macro": 0.47665522630549795,
      "sentiment_f1_micro": 0.6869483958052124,
      "sentiment_f1_weighted": 0.6664951195276424,
      "sentiment_f1_samples": 0.5493171471927162,
      "sentiment_auc_roc": 0.606911259392597,
      "sentiment_auc_pr": 0.5866777330829939,
      "combined_f1": 0.6733226291035312
    },
    {
      "mention_precision_macro": 0.8146371875477529,
      "mention_recall_macro": 0.7781761473231568,
      "mention_f1_macro": 0.7932260352114742,
      "mention_f1_micro": 0.8483315979969259,
      "mention_f1_weighted": 0.843679486040682,
      "mention_auc_roc": 0.8826361666162178,
      "mention_auc_pr": 0.7657653851084056,
      "sentiment_precision_macro": 0.887892736727813,
      "sentiment_recall_macro": 0.4041879698144815,
      "sentiment_f1_macro": 0.46720396568862926,
      "sentiment_f1_micro": 0.6754732681506137,
      "sentiment_f1_weighted": 0.6494530870452272,
      "sentiment_f1_samples": 0.5340353516359534,
      "sentiment_auc_roc": 0.6039054383375236,
      "sentiment_auc_pr": 0.5715377155682364,
      "combined_f1": 0.6636306934237137
    },
    {
      "mention_precision_macro": 0.8116919398311426,
      "mention_recall_macro": 0.7786519655059095,
      "mention_f1_macro": 0.7924675649980522,
      "mention_f1_micro": 0.846031746031746,
      "mention_f1_weighted": 0.841732804730272,
      "mention_auc_roc": 0.88784461668826,
      "mention_auc_pr": 0.7677829836906682,
      "sentiment_precision_macro": 0.5427695775421072,
      "sentiment_recall_macro": 0.3919577306784087,
      "sentiment_f1_macro": 0.4544464773929468,
      "sentiment_f1_micro": 0.6610775994274614,
      "sentiment_f1_weighted": 0.6371180161193951,
      "sentiment_f1_samples": 0.5224084419615145,
      "sentiment_auc_roc": 0.6080603003811026,
      "sentiment_auc_pr": 0.5739057443733585,
      "combined_f1": 0.6574380034797833
    },
    {
      "mention_precision_macro": 0.8153454312922914,
      "mention_recall_macro": 0.7812837837837838,
      "mention_f1_macro": 0.7954990100658714,
      "mention_f1_micro": 0.8486111111111111,
      "mention_f1_weighted": 0.8442996946937732,
      "mention_auc_roc": 0.8927455690298507,
      "mention_auc_pr": 0.7786356283429781,
      "sentiment_precision_macro": 0.7198370971336198,
      "sentiment_recall_macro": 0.39502646921075385,
      "sentiment_f1_macro": 0.4610508102311057,
      "sentiment_f1_micro": 0.6739979445015416,
      "sentiment_f1_weighted": 0.6520796838156762,
      "sentiment_f1_samples": 0.5359452736318407,
      "sentiment_auc_roc": 0.6056082427667857,
      "sentiment_auc_pr": 0.5764163918325956,
      "combined_f1": 0.6657221418488561
    },
    {
      "mention_precision_macro": 0.8061341888542493,
      "mention_recall_macro": 0.7734561546177161,
      "mention_f1_macro": 0.7871144760481652,
      "mention_f1_micro": 0.8428571428571429,
      "mention_f1_weighted": 0.8384370671059076,
      "mention_auc_roc": 0.8789917875637453,
      "mention_auc_pr": 0.7567089522723002,
      "sentiment_precision_macro": 0.8824384934590627,
      "sentiment_recall_macro": 0.3956620239324962,
      "sentiment_f1_macro": 0.4593617443405218,
      "sentiment_f1_micro": 0.6646033219849375,
      "sentiment_f1_weighted": 0.6383870613995829,
      "sentiment_f1_samples": 0.5213218282998812,
      "sentiment_auc_roc": 0.6026435333133865,
      "sentiment_auc_pr": 0.5756120935254054,
      "combined_f1": 0.6542181521740231
    }
  ],
  "timestamp": "2026-05-05T17:31:20.866448"
}