{"thresholds_m": [0.44999998807907104, 0.30000001192092896, 0.44999998807907104, 0.30000001192092896, 0.3499999940395355, 0.3499999940395355, 0.25, 0.8999999761581421, 0.25], "thresholds_s": [[0.25, 0.5, 0.10000000149011612], [0.25, 0.44999998807907104, 0.10000000149011612], [0.6000000238418579, 0.25, 0.10000000149011612], [0.10000000149011612, 0.699999988079071, 0.10000000149011612], [0.15000000596046448, 0.5, 0.10000000149011612], [0.3499999940395355, 0.6000000238418579, 0.10000000149011612], [0.3499999940395355, 0.550000011920929, 0.10000000149011612], [0.8500000238418579, 0.10000000149011612, 0.10000000149011612], [0.25, 0.25, 0.10000000149011612]]}