{
  "model": "CNNBiLSTMForABSA",
  "n_folds": 5,
  "best_fold": 4,
  "best_combined_f1": 0.8252097833650708,
  "avg_metrics": {
    "mention_precision_macro": 0.7563397344562925,
    "mention_precision_macro_std": 0.009298779695417841,
    "mention_recall_macro": 0.797524905809572,
    "mention_recall_macro_std": 0.008075907839195665,
    "mention_f1_macro": 0.7694019642305031,
    "mention_f1_macro_std": 0.009583289616122698,
    "mention_f1_micro": 0.804628469787439,
    "mention_f1_micro_std": 0.009134112319194868,
    "mention_f1_weighted": 0.8118745223515044,
    "mention_f1_weighted_std": 0.00824635596919506,
    "mention_auc_roc": 0.8553485107016086,
    "mention_auc_roc_std": 0.006991580047992628,
    "mention_auc_pr": 0.6790242808420145,
    "mention_auc_pr_std": 0.01945856189731133,
    "sentiment_precision_macro": 0.7608778271095733,
    "sentiment_precision_macro_std": 0.013437760060457823,
    "sentiment_recall_macro": 0.7983955508433235,
    "sentiment_recall_macro_std": 0.009061579592021064,
    "sentiment_f1_macro": 0.7770245713696449,
    "sentiment_f1_macro_std": 0.005576943204100163,
    "sentiment_f1_micro": 0.85361945459783,
    "sentiment_f1_micro_std": 0.006122760868373006,
    "sentiment_f1_weighted": 0.8523087454993913,
    "sentiment_f1_weighted_std": 0.005973834057539057,
    "sentiment_f1_samples": 0.8614035050285679,
    "sentiment_f1_samples_std": 0.006398884415116012,
    "sentiment_auc_roc": 0.9227188301239841,
    "sentiment_auc_roc_std": 0.0030167383356870785,
    "sentiment_auc_pr": 0.8255665336959492,
    "sentiment_auc_pr_std": 0.009231627372146207,
    "combined_precision_macro": 0.7586087807829329,
    "combined_precision_macro_std": 0.007705469250323216,
    "combined_recall_macro": 0.7979602283264478,
    "combined_recall_macro_std": 0.004910958709779918,
    "combined_f1_macro": 0.773213267800074,
    "combined_f1_macro_std": 0.004957008021717466,
    "combined_f1_micro": 0.8291239621926344,
    "combined_f1_micro_std": 0.004711253572422968,
    "combined_f1_weighted": 0.8320916339254479,
    "combined_f1_weighted_std": 0.004510391198731151,
    "combined_auc_roc": 0.8890336704127962,
    "combined_auc_roc_std": 0.003595830955902158,
    "combined_auc_pr": 0.7522954072689817,
    "combined_auc_pr_std": 0.009967456799111638,
    "combined_score": 0.8171165365998159,
    "combined_score_std": 0.004438072761380815,
    "combined_f1": 0.8171165365998159,
    "combined_f1_std": 0.004438072761380815
  },
  "fold_results": [
    {
      "mention_precision_macro": 0.7474335018367634,
      "mention_recall_macro": 0.7953016250280249,
      "mention_f1_macro": 0.7605152397218882,
      "mention_f1_micro": 0.7948336556100947,
      "mention_f1_weighted": 0.8037784686575774,
      "mention_auc_roc": 0.8480486403705035,
      "mention_auc_pr": 0.6545776641607374,
      "sentiment_precision_macro": 0.7722207234543051,
      "sentiment_recall_macro": 0.7934409157229082,
      "sentiment_f1_macro": 0.7788478185512869,
      "sentiment_f1_micro": 0.8647294589178357,
      "sentiment_f1_weighted": 0.862885095428471,
      "sentiment_f1_samples": 0.8726289833080425,
      "sentiment_auc_roc": 0.9240907577021726,
      "sentiment_auc_pr": 0.8220910009934919,
      "combined_precision_macro": 0.7598271126455343,
      "combined_recall_macro": 0.7943712703754666,
      "combined_f1_macro": 0.7696815291365875,
      "combined_f1_micro": 0.8297815572639652,
      "combined_f1_weighted": 0.8333317820430242,
      "combined_auc_roc": 0.8860696990363381,
      "combined_auc_pr": 0.7383343325771146,
      "combined_score": 0.8145413615964784,
      "combined_f1": 0.8145413615964784
    },
    {
      "mention_precision_macro": 0.7609976646330621,
      "mention_recall_macro": 0.7988256748893086,
      "mention_f1_macro": 0.774097663926747,
      "mention_f1_micro": 0.8107491695175765,
      "mention_f1_weighted": 0.8171058868215498,
      "mention_auc_roc": 0.861624175598712,
      "mention_auc_pr": 0.6966097254481995,
      "sentiment_precision_macro": 0.7409927847508316,
      "sentiment_recall_macro": 0.7942908504025783,
      "sentiment_f1_macro": 0.7660028197088219,
      "sentiment_f1_micro": 0.8487943737441394,
      "sentiment_f1_weighted": 0.8482010712273469,
      "sentiment_f1_samples": 0.8555471981948101,
      "sentiment_auc_roc": 0.9175038014660366,
      "sentiment_auc_pr": 0.8088889160431599,
      "combined_precision_macro": 0.7509952246919469,
      "combined_recall_macro": 0.7965582626459434,
      "combined_f1_macro": 0.7700502418177844,
      "combined_f1_micro": 0.8297717716308579,
      "combined_f1_weighted": 0.8326534790244484,
      "combined_auc_roc": 0.8895639885323743,
      "combined_auc_pr": 0.7527493207456797,
      "combined_score": 0.8151672473095474,
      "combined_f1": 0.8151672473095474
    },
    {
      "mention_precision_macro": 0.7569996660891429,
      "mention_recall_macro": 0.7985444264394257,
      "mention_f1_macro": 0.7700904986777046,
      "mention_f1_micro": 0.8042162698412698,
      "mention_f1_weighted": 0.8114790353534848,
      "mention_auc_roc": 0.8586753909166569,
      "mention_auc_pr": 0.687837611994635,
      "sentiment_precision_macro": 0.778034582661392,
      "sentiment_recall_macro": 0.7873649066595853,
      "sentiment_f1_macro": 0.7788447578780379,
      "sentiment_f1_micro": 0.8483197093551317,
      "sentiment_f1_weighted": 0.8460074825038978,
      "sentiment_f1_samples": 0.8557293606455617,
      "sentiment_auc_roc": 0.9224287629561395,
      "sentiment_auc_pr": 0.8317035266553804,
      "combined_precision_macro": 0.7675171243752674,
      "combined_recall_macro": 0.7929546665495055,
      "combined_f1_macro": 0.7744676282778713,
      "combined_f1_micro": 0.8262679895982008,
      "combined_f1_weighted": 0.8287432589286913,
      "combined_auc_roc": 0.8905520769363982,
      "combined_auc_pr": 0.7597705693250076,
      "combined_score": 0.8181766529464471,
      "combined_f1": 0.8181766529464471
    },
    {
      "mention_precision_macro": 0.7708705896343866,
      "mention_recall_macro": 0.8100942920532472,
      "mention_f1_macro": 0.7844115262772127,
      "mention_f1_micro": 0.8184027777777778,
      "mention_f1_weighted": 0.8244961501579541,
      "mention_auc_roc": 0.862504386849536,
      "mention_auc_pr": 0.6993403707307798,
      "sentiment_precision_macro": 0.7614352299529811,
      "sentiment_recall_macro": 0.803661137277869,
      "sentiment_f1_macro": 0.7804176133290057,
      "sentiment_f1_micro": 0.8555921052631579,
      "sentiment_f1_weighted": 0.8544590235183317,
      "sentiment_f1_samples": 0.8640236318407959,
      "sentiment_auc_roc": 0.9267601500407024,
      "sentiment_auc_pr": 0.832616114779813,
      "combined_precision_macro": 0.7661529097936839,
      "combined_recall_macro": 0.8068777146655581,
      "combined_f1_macro": 0.7824145698031092,
      "combined_f1_micro": 0.8369974415204678,
      "combined_f1_weighted": 0.8394775868381429,
      "combined_auc_roc": 0.8946322684451192,
      "combined_auc_pr": 0.7659782427552964,
      "combined_score": 0.8252097833650708,
      "combined_f1": 0.8252097833650708
    },
    {
      "mention_precision_macro": 0.7453972500881076,
      "mention_recall_macro": 0.7848585106378538,
      "mention_f1_macro": 0.7578948925489633,
      "mention_f1_micro": 0.7949404761904761,
      "mention_f1_weighted": 0.8025130707669559,
      "mention_auc_roc": 0.8458899597726341,
      "mention_auc_pr": 0.6567560318757208,
      "sentiment_precision_macro": 0.7517058147283565,
      "sentiment_recall_macro": 0.8132199441536768,
      "sentiment_f1_macro": 0.7810098473810719,
      "sentiment_f1_micro": 0.8506616257088847,
      "sentiment_f1_weighted": 0.8499910548189092,
      "sentiment_f1_samples": 0.8590883511536297,
      "sentiment_auc_roc": 0.9228106784548702,
      "sentiment_auc_pr": 0.8325331100079003,
      "combined_precision_macro": 0.7485515324082321,