{
  "model": "BiLSTMForABSA",
  "n_folds": 5,
  "best_fold": 1,
  "best_combined_f1": 0.8347502317215232,
  "avg_metrics": {
    "mention_precision_macro": 0.808917779847599,
    "mention_precision_macro_std": 0.005540450855757754,
    "mention_recall_macro": 0.818538487611332,
    "mention_recall_macro_std": 0.00389839481291246,
    "mention_f1_macro": 0.8134308103437874,
    "mention_f1_macro_std": 0.004509636011609976,
    "mention_f1_micro": 0.8525557432552077,
    "mention_f1_micro_std": 0.00409071883175648,
    "mention_f1_weighted": 0.8536969795284467,
    "mention_f1_weighted_std": 0.003780269716568259,
    "mention_auc_roc": 0.9048616097700561,
    "mention_auc_roc_std": 0.004036791316464989,
    "mention_auc_pr": 0.8049231575509154,
    "mention_auc_pr_std": 0.0068863355313450005,
    "sentiment_precision_macro": 0.7436376746285052,
    "sentiment_precision_macro_std": 0.006918222235348699,
    "sentiment_recall_macro": 0.7820818223237518,
    "sentiment_recall_macro_std": 0.006747187872836329,
    "sentiment_f1_macro": 0.7618046304888436,
    "sentiment_f1_macro_std": 0.006308425643235648,
    "sentiment_f1_micro": 0.839118999672419,
    "sentiment_f1_micro_std": 0.007823364982484832,
    "sentiment_f1_weighted": 0.8404973454286898,
    "sentiment_f1_weighted_std": 0.008140351018167957,
    "sentiment_f1_samples": 0.8398987363158502,
    "sentiment_f1_samples_std": 0.008341243961789662,
    "sentiment_auc_roc": 0.9232455214973102,
    "sentiment_auc_roc_std": 0.002446056783116511,
    "sentiment_auc_pr": 0.8261773492586011,
    "sentiment_auc_pr_std": 0.009109922964007816,
    "combined_f1": 0.8266647733298189,
    "combined_f1_std": 0.004926370168384789
  },
  "fold_results": [
    {
      "mention_precision_macro": 0.8072848150547935,
      "mention_recall_macro": 0.8209955261332673,
      "mention_f1_macro": 0.8136266647581702,
      "mention_f1_micro": 0.8527938916158461,
      "mention_f1_weighted": 0.8543993836101202,
      "mention_auc_roc": 0.9079571224685685,
      "mention_auc_pr": 0.8036040914591049,
      "sentiment_precision_macro": 0.7482988149536602,
      "sentiment_recall_macro": 0.788782971534136,
      "sentiment_f1_macro": 0.7671598721112406,
      "sentiment_f1_micro": 0.8534134821811936,
      "sentiment_f1_weighted": 0.8552586515426295,
      "sentiment_f1_samples": 0.855873798684876,
      "sentiment_auc_roc": 0.9255737068592914,
      "sentiment_auc_pr": 0.8279671302368271,
      "combined_f1": 0.8347502317215232
    },
    {
      "mention_precision_macro": 0.8142431782788273,
      "mention_recall_macro": 0.8173267456610303,
      "mention_f1_macro": 0.8157601561055954,
      "mention_f1_micro": 0.8562149833903515,
      "mention_f1_weighted": 0.8565659828440972,
      "mention_auc_roc": 0.9020333140460123,
      "mention_auc_pr": 0.8057205986179233,
      "sentiment_precision_macro": 0.7430109531551375,
      "sentiment_recall_macro": 0.7730195990056208,
      "sentiment_f1_macro": 0.7576048473565904,
      "sentiment_f1_micro": 0.8363480497213888,
      "sentiment_f1_weighted": 0.8368134875393576,
      "sentiment_f1_samples": 0.8353704400150432,
      "sentiment_auc_roc": 0.9199069997224987,
      "sentiment_auc_pr": 0.8151748977766559,
      "combined_f1": 0.8255652980603193
    },
    {
      "mention_precision_macro": 0.8084847665385763,
      "mention_recall_macro": 0.8175968210439637,
      "mention_f1_macro": 0.8128092511065022,
      "mention_f1_micro": 0.8514880952380952,
      "mention_f1_weighted": 0.8525686041968129,
      "mention_auc_roc": 0.9041255226806577,
      "mention_auc_pr": 0.8047395822662486,
      "sentiment_precision_macro": 0.7365167190624845,
      "sentiment_recall_macro": 0.7759446487361966,
      "sentiment_f1_macro": 0.7553851737297766,
      "sentiment_f1_micro": 0.829764004367179,
      "sentiment_f1_weighted": 0.831039962280894,
      "sentiment_f1_samples": 0.8319677219118561,
      "sentiment_auc_roc": 0.9209379921847837,
      "sentiment_auc_pr": 0.8281506659709504,
      "combined_f1": 0.8223884865091791
    },
    {
      "mention_precision_macro": 0.8149351974113939,
      "mention_recall_macro": 0.8241982654296087,
      "mention_f1_macro": 0.8193354326057647,
      "mention_f1_micro": 0.856845238095238,
      "mention_f1_weighted": 0.8578824132089249,
      "mention_auc_roc": 0.9107194433239209,
      "mention_auc_pr": 0.8161028044871603,
      "sentiment_precision_macro": 0.7361887624120622,
      "sentiment_recall_macro": 0.7826690872063343,
      "sentiment_f1_macro": 0.7574509258176815,
      "sentiment_f1_micro": 0.8394747988140618,
      "sentiment_f1_weighted": 0.8418209957305803,
      "sentiment_f1_samples": 0.839384328358209,
      "sentiment_auc_roc": 0.9237817375220018,
      "sentiment_auc_pr": 0.8183821646355761,
      "combined_f1": 0.8293598804819868
    },
    {
      "mention_precision_macro": 0.7996409419544047,
      "mention_recall_macro": 0.8125750797887894,
      "mention_f1_macro": 0.805622547142904,
      "mention_f1_micro": 0.8454365079365079,
      "mention_f1_weighted": 0.8470685137822782,
      "mention_auc_roc": 0.8994726463311212,
      "mention_auc_pr": 0.7944487109241395,
      "sentiment_precision_macro": 0.7541731235591813,
      "sentiment_recall_macro": 0.789992805136471,
      "sentiment_f1_macro": 0.7714223334289289,
      "sentiment_f1_micro": 0.8365946632782719,
      "sentiment_f1_weighted": 0.8375536300499878,
      "sentiment_f1_samples": 0.8368973926092665,
      "sentiment_auc_roc": 0.9260271711979756,
      "sentiment_auc_pr": 0.8412118876729963,
      "combined_f1": 0.8212599698760853
    }
  ],
  "timestamp": "2026-05-05T16:34:10.181904"
}