{
  "model": "BiLSTMForABSA",
  "n_folds": 5,
  "best_fold": 1,
  "best_combined_f1": 0.8510665388182892,
  "avg_metrics": {
    "mention_precision_macro": 0.8099692796955736,
    "mention_precision_macro_std": 0.006135638386172865,
    "mention_recall_macro": 0.8284604786057945,
    "mention_recall_macro_std": 0.0048118392904547315,
    "mention_f1_macro": 0.8182320862773877,
    "mention_f1_macro_std": 0.005584945326644526,
    "mention_f1_micro": 0.8542419413102144,
    "mention_f1_micro_std": 0.005023870607664891,
    "mention_f1_weighted": 0.8563614369965684,
    "mention_f1_weighted_std": 0.004739540605757709,
    "mention_auc_roc": 0.9052318039642959,
    "mention_auc_roc_std": 0.004042481952951329,
    "mention_auc_pr": 0.8038454086227798,
    "mention_auc_pr_std": 0.006793455799749627,
    "sentiment_precision_macro": 0.752009984494849,
    "sentiment_precision_macro_std": 0.014912693491803583,
    "sentiment_recall_macro": 0.8015901082429806,
    "sentiment_recall_macro_std": 0.010185315894452757,
    "sentiment_f1_macro": 0.7748023220089788,
    "sentiment_f1_macro_std": 0.006739993595307175,
    "sentiment_f1_micro": 0.8513829210997343,
    "sentiment_f1_micro_std": 0.008976320135021202,
    "sentiment_f1_weighted": 0.8506122011045202,
    "sentiment_f1_weighted_std": 0.008622172959833155,
    "sentiment_f1_samples": 0.8576732803024847,
    "sentiment_f1_samples_std": 0.008285395404243846,
    "sentiment_auc_roc": 0.9250285779133659,
    "sentiment_auc_roc_std": 0.004313128125964912,
    "sentiment_auc_pr": 0.8256761993347139,
    "sentiment_auc_pr_std": 0.010680712645607672,
    "combined_precision_macro": 0.7809896320952114,
    "combined_precision_macro_std": 0.010186884857766145,
    "combined_recall_macro": 0.8150252934243876,
    "combined_recall_macro_std": 0.003971780218103388,
    "combined_f1_macro": 0.7965172041431833,
    "combined_f1_macro_std": 0.005483223353240616,
    "combined_f1_micro": 0.8528124312049743,
    "combined_f1_micro_std": 0.006685523196677254,
    "combined_f1_weighted": 0.8534868190505444,
    "combined_f1_weighted_std": 0.006334830986337895,
    "combined_auc_roc": 0.9151301909388309,
    "combined_auc_roc_std": 0.0035415999207397695,
    "combined_auc_pr": 0.8147608039787467,
    "combined_auc_pr_std": 0.0049240792724859735,
    "combined_score": 0.8436310494965052,
    "combined_score_std": 0.004875311230730344,
    "combined_f1": 0.8436310494965052,
    "combined_f1_std": 0.004875311230730344
  },
  "fold_results": [
    {
      "mention_precision_macro": 0.8162114174245689,
      "mention_recall_macro": 0.831600440628074,
      "mention_f1_macro": 0.8232825175074214,
      "mention_f1_micro": 0.8601318855669592,
      "mention_f1_weighted": 0.8617923076890774,
      "mention_auc_roc": 0.9092112704506198,
      "mention_auc_pr": 0.804718289381507,
      "sentiment_precision_macro": 0.7680282573690574,
      "sentiment_recall_macro": 0.8013103991746936,
      "sentiment_f1_macro": 0.7834824982362775,
      "sentiment_f1_micro": 0.867249201814821,
      "sentiment_f1_weighted": 0.8661818318349828,
      "sentiment_f1_samples": 0.873229640870005,
      "sentiment_auc_roc": 0.9308764316745858,
      "sentiment_auc_pr": 0.8321731167296179,
      "combined_precision_macro": 0.7921198373968132,
      "combined_recall_macro": 0.8164554199013838,
      "combined_f1_macro": 0.8033825078718495,
      "combined_f1_micro": 0.8636905436908902,
      "combined_f1_weighted": 0.8639870697620301,
      "combined_auc_roc": 0.9200438510626028,
      "combined_auc_pr": 0.8184457030555625,
      "combined_score": 0.8510665388182892,
      "combined_f1": 0.8510665388182892
    },
    {
      "mention_precision_macro": 0.8070943669457795,
      "mention_recall_macro": 0.8285817445139964,
      "mention_f1_macro": 0.8165149414294908,
      "mention_f1_micro": 0.8523476622539541,
      "mention_f1_weighted": 0.8548402334321397,
      "mention_auc_roc": 0.9026757049066737,
      "mention_auc_pr": 0.8051132577889756,
      "sentiment_precision_macro": 0.7400878803983009,
      "sentiment_recall_macro": 0.7904033340561676,
      "sentiment_f1_macro": 0.7634836269560236,
      "sentiment_f1_micro": 0.8487878030492377,
      "sentiment_f1_weighted": 0.8470746459224441,
      "sentiment_f1_samples": 0.8549580042622539,
      "sentiment_auc_roc": 0.9184352591419523,
      "sentiment_auc_pr": 0.8065960742626773,
      "combined_precision_macro": 0.7735911236720402,
      "combined_recall_macro": 0.809492539285082,
      "combined_f1_macro": 0.7899992841927572,
      "combined_f1_micro": 0.8505677326515959,
      "combined_f1_weighted": 0.8509574396772919,
      "combined_auc_roc": 0.910555482024313,
      "combined_auc_pr": 0.8058546660258264,
      "combined_score": 0.8380209257488782,
      "combined_f1": 0.8380209257488782
    },
    {
      "mention_precision_macro": 0.8119260192237114,
      "mention_recall_macro": 0.8290449911422862,
      "mention_f1_macro": 0.8196588824926546,
      "mention_f1_micro": 0.8550595238095238,
      "mention_f1_weighted": 0.856993638561274,
      "mention_auc_roc": 0.90573021053281,
      "mention_auc_pr": 0.8056672207833043,
      "sentiment_precision_macro": 0.7438441432324542,
      "sentiment_recall_macro": 0.8126707047180951,
      "sentiment_f1_macro": 0.775532388723152,
      "sentiment_f1_micro": 0.8442430617363864,
      "sentiment_f1_weighted": 0.8436530636058951,
      "sentiment_f1_samples": 0.8531967721911855,
      "sentiment_auc_roc": 0.9283841774706226,
      "sentiment_auc_pr": 0.8332149309941718,
      "combined_precision_macro": 0.7778850812280829,
      "combined_recall_macro": 0.8208578479301907,
      "combined_f1_macro": 0.7975956356079033,
      "combined_f1_micro": 0.8496512927729551,
      "combined_f1_weighted": 0.8503233510835846,
      "combined_auc_roc": 0.9170571940017163,
      "combined_auc_pr": 0.819441075888738,
      "combined_score": 0.8446198520968627,
      "combined_f1": 0.8446198520968627
    },
    {
      "mention_precision_macro": 0.815149483255312,
      "mention_recall_macro": 0.8335432634126665,
      "mention_f1_macro": 0.8234064373719606,
      "mention_f1_micro": 0.8579861111111111,
      "mention_f1_weighted": 0.8599978643529697,
      "mention_auc_roc": 0.9096208463594191,
      "mention_auc_pr": 0.8122856532268053,
      "sentiment_precision_macro": 0.7719090087029726,
      "sentiment_recall_macro": 0.7901506169580754,
      "sentiment_f1_macro": 0.7790219086226909,
      "sentiment_f1_micro": 0.8544256277634104,
      "sentiment_f1_weighted": 0.8533428323275968,
      "sentiment_f1_samples": 0.8578980099502489,
      "sentiment_auc_roc": 0.9231405545714585,
      "sentiment_auc_pr": 0.8213219862054388,
      "combined_precision_macro": 0.7935292459791423,
      "combined_recall_macro": 0.811846940185371,
      "combined_f1_macro": 0.8012141729973258,
      "combined_f1_micro": 0.8562058694372607,
      "combined_f1_weighted": 0.8566703483402832,
      "combined_auc_roc": 0.9163807004654387,
      "combined_auc_pr": 0.816803819716122,
      "combined_score": 0.8459081075227307,
      "combined_f1": 0.8459081075227307
    },
    {
      "mention_precision_macro": 0.7994651116284961,
      "mention_recall_macro": 0.8195319533319497,
      "mention_f1_macro": 0.8082976525854113,
      "mention_f1_micro": 0.8456845238095239,
      "mention_f1_weighted": 0.8481831409473815,
      "mention_auc_roc": 0.8989209875719575,
      "mention_auc_pr": 0.7914426219333071,
      "sentiment_precision_macro": 0.7361806327714602,
      "sentiment_recall_macro": 0.813415486307871,
      "sentiment_f1_macro": 0.77249118750675,
      "sentiment_f1_micro": 0.8422089111348158,
      "sentiment_f1_weighted": 0.8428086318316822,
      "sentiment_f1_samples": 0.8490839742387295,
      "sentiment_auc_roc": 0.9243064667082103,
      "sentiment_auc_pr": 0.8350748884816636,
      "combined_precision_macro": 0.7678228721999781,
      "combined_recall_macro": 0.8164737198199103,