{
  "model": "BiLSTMForABSA",
  "n_folds": 5,
  "best_fold": 3,
  "best_combined_f1": 0.8856517879889787,
  "avg_metrics": {
    "mention_precision_macro": 0.9647839883347838,
    "mention_precision_macro_std": 0.00220310503166948,
    "mention_recall_macro": 0.9636503991413274,
    "mention_recall_macro_std": 0.002236745851396631,
    "mention_f1_macro": 0.9640343361449254,
    "mention_f1_macro_std": 0.0022189356552694555,
    "mention_f1_micro": 0.9641101764802903,
    "mention_f1_micro_std": 0.0022107560150618102,
    "mention_f1_weighted": 0.9640882170036846,
    "mention_f1_weighted_std": 0.0022130240030974785,
    "mention_auc_roc": 0.9903963818591055,
    "mention_auc_roc_std": 0.0009333711127875216,
    "mention_auc_pr": 0.9919268214004073,
    "mention_auc_pr_std": 0.000918302828258967,
    "sentiment_precision_macro": 0.8657796350366782,
    "sentiment_precision_macro_std": 0.007415215595838552,
    "sentiment_recall_macro": 0.6863771262027586,
    "sentiment_recall_macro_std": 0.005928970191163665,
    "sentiment_f1_macro": 0.7558918169735546,
    "sentiment_f1_macro_std": 0.006269387299092837,
    "sentiment_f1_micro": 0.8566693317102775,
    "sentiment_f1_micro_std": 0.003776831875852547,
    "sentiment_f1_weighted": 0.8487034275621401,
    "sentiment_f1_weighted_std": 0.0038898302154345326,
    "sentiment_f1_samples": 0.796135062646342,
    "sentiment_f1_samples_std": 0.0055249876513435514,
    "sentiment_auc_roc": 0.9293788531799498,
    "sentiment_auc_roc_std": 0.003120426917934822,
    "sentiment_auc_pr": 0.8619366516079211,
    "sentiment_auc_pr_std": 0.0049944829986158235,
    "combined_f1": 0.8800846993956336,
    "combined_f1_std": 0.003255404246070001
  },
  "fold_results": [
    {
      "mention_precision_macro": 0.9607326824689579,
      "mention_recall_macro": 0.9594756084354903,
      "mention_f1_macro": 0.9598912828235235,
      "mention_f1_micro": 0.9599758095552257,
      "mention_f1_weighted": 0.9599484775581484,
      "mention_auc_roc": 0.9891933842432574,
      "mention_auc_pr": 0.9907347361190154,
      "sentiment_precision_macro": 0.8631168266411279,
      "sentiment_recall_macro": 0.6862231856831563,
      "sentiment_f1_macro": 0.7552934649817891,
      "sentiment_f1_micro": 0.8549574801653285,
      "sentiment_f1_weighted": 0.8470892336535802,
      "sentiment_f1_samples": 0.7933045846572855,
      "sentiment_auc_roc": 0.9263432749715023,
      "sentiment_auc_pr": 0.854727959400653,
      "combined_f1": 0.8765979337404045
    },
    {
      "mention_precision_macro": 0.9667917225572624,
      "mention_recall_macro": 0.9656635414610305,
      "mention_f1_macro": 0.9660611663442741,
      "mention_f1_micro": 0.9661333773159602,
      "mention_f1_weighted": 0.9661128931547428,
      "mention_auc_roc": 0.9915034296328851,
      "mention_auc_pr": 0.9928986302769728,
      "sentiment_precision_macro": 0.8524919546865299,
      "sentiment_recall_macro": 0.6810902386530714,
      "sentiment_f1_macro": 0.7485856295842406,
      "sentiment_f1_micro": 0.8523351976671925,
      "sentiment_f1_weighted": 0.8442593552213375,
      "sentiment_f1_samples": 0.7898908346599953,
      "sentiment_auc_roc": 0.9258132008538121,
      "sentiment_auc_pr": 0.8583508300001896,
      "combined_f1": 0.8779760005021346
    },
    {
      "mention_precision_macro": 0.9664285386967599,
      "mention_recall_macro": 0.9653634701644405,
      "mention_f1_macro": 0.9656495486052852,
      "mention_f1_micro": 0.9656935510473363,
      "mention_f1_weighted": 0.9656739493450401,
      "mention_auc_roc": 0.9902472442573449,
      "mention_auc_pr": 0.9923990604362782,
      "sentiment_precision_macro": 0.8698635735892921,
      "sentiment_recall_macro": 0.6899493999626786,
      "sentiment_f1_macro": 0.757720330390788,
      "sentiment_f1_micro": 0.8623904793140608,
      "sentiment_f1_weighted": 0.854075694011978,
      "sentiment_f1_samples": 0.8056540273726721,
      "sentiment_auc_roc": 0.9321046070541136,
      "sentiment_auc_pr": 0.8658813819181704,
      "combined_f1": 0.8856517879889787
    },
    {
      "mention_precision_macro": 0.964262344313944,
      "mention_recall_macro": 0.963375529818675,
      "mention_f1_macro": 0.9637321079972792,
      "mention_f1_micro": 0.9638242894056848,
      "mention_f1_weighted": 0.9638069991087974,
      "mention_auc_roc": 0.9896159100269059,
      "mention_auc_pr": 0.9909074845228222,
      "sentiment_precision_macro": 0.8702658349484645,
      "sentiment_recall_macro": 0.6791480194827081,
      "sentiment_f1_macro": 0.751152131736125,
      "sentiment_f1_micro": 0.8539315048753543,
      "sentiment_f1_weighted": 0.845567781898663,
      "sentiment_f1_samples": 0.7931819918978829,
      "sentiment_auc_roc": 0.9288858184515313,
      "sentiment_auc_pr": 0.8621304229722471,
      "combined_f1": 0.878457049947581
    },
    {
      "mention_precision_macro": 0.9657046536369953,
      "mention_recall_macro": 0.9643738458270007,
      "mention_f1_macro": 0.9648375749542645,
      "mention_f1_micro": 0.9649238550772445,
      "mention_f1_weighted": 0.9648987658516943,
      "mention_auc_roc": 0.9914219411351343,
      "mention_auc_pr": 0.9926941956469482,
      "sentiment_precision_macro": 0.8731599853179771,
      "sentiment_recall_macro": 0.6954747872321788,
      "sentiment_f1_macro": 0.7667075281748303,
      "sentiment_f1_micro": 0.8597319965294514,
      "sentiment_f1_weighted": 0.8525250730251419,
      "sentiment_f1_samples": 0.7986438746438745,
      "sentiment_auc_roc": 0.9337473645687896,
      "sentiment_auc_pr": 0.8685926637483457,
      "combined_f1": 0.8817407247990695
    }
  ],
  "timestamp": "2026-04-28T11:15:43.712651"
}