{
  "model": "XLMRoBERTaForABSA",
  "n_folds": 5,
  "best_fold": 2,
  "best_combined_f1": 0.9737641099031606,
  "avg_metrics": {
    "mention_precision_macro": 0.9884974525618857,
    "mention_precision_macro_std": 0.0012989050544532376,
    "mention_recall_macro": 0.9881998192228802,
    "mention_recall_macro_std": 0.001301421628211504,
    "mention_f1_macro": 0.9883284857295728,
    "mention_f1_macro_std": 0.0012965019892382044,
    "mention_f1_micro": 0.9883446038814668,
    "mention_f1_micro_std": 0.0012916971933004306,
    "mention_f1_weighted": 0.9883428251782911,
    "mention_f1_weighted_std": 0.0012918790878410041,
    "mention_auc_roc": 0.994891550407005,
    "mention_auc_roc_std": 0.0008133477710819906,
    "mention_auc_pr": 0.9956673533952669,
    "mention_auc_pr_std": 0.0008591981134701547,
    "sentiment_precision_macro": 0.9551598350834283,
    "sentiment_precision_macro_std": 0.0028210676710669295,
    "sentiment_recall_macro": 0.9458836670892401,
    "sentiment_recall_macro_std": 0.003185700744595404,
    "sentiment_f1_macro": 0.9504596690751692,
    "sentiment_f1_macro_std": 0.002530870183065381,
    "sentiment_f1_micro": 0.9638633657575927,
    "sentiment_f1_micro_std": 0.0014538697412834916,
    "sentiment_f1_weighted": 0.9639362792481811,
    "sentiment_f1_weighted_std": 0.0014275392749026707,
    "sentiment_f1_samples": 0.9545108783410423,
    "sentiment_f1_samples_std": 0.0024979477211740956,
    "sentiment_auc_roc": 0.9849682022685069,
    "sentiment_auc_roc_std": 0.0013581681779445045,
    "sentiment_auc_pr": 0.9741347981625331,
    "sentiment_auc_pr_std": 0.0019201142962751536,
    "combined_f1": 0.9714196820353076,
    "combined_f1_std": 0.0018152978260630376
  },
  "fold_results": [
    {
      "mention_precision_macro": 0.9885381190939064,
      "mention_recall_macro": 0.988085150398661,
      "mention_f1_macro": 0.9882733320233874,
      "mention_f1_micro": 0.9882896255978888,
      "mention_f1_weighted": 0.9882869100021385,
      "mention_auc_roc": 0.995024744244605,
      "mention_auc_pr": 0.9962679564781528,
      "sentiment_precision_macro": 0.9578780221618545,
      "sentiment_recall_macro": 0.9443240549520228,
      "sentiment_f1_macro": 0.9510393516555927,
      "sentiment_f1_micro": 0.9636930867658362,
      "sentiment_f1_weighted": 0.9637180156591426,
      "sentiment_f1_samples": 0.9531888334089877,
      "sentiment_auc_roc": 0.9835020594182976,
      "sentiment_auc_pr": 0.9740773427589157,
      "combined_f1": 0.9707310827161876
    },
    {
      "mention_precision_macro": 0.989829032262751,
      "mention_recall_macro": 0.9897010310987837,
      "mention_f1_macro": 0.989761560720581,
      "mention_f1_micro": 0.9897740392544945,
      "mention_f1_weighted": 0.9897733711125212,
      "mention_auc_roc": 0.9961267981955378,
      "mention_auc_pr": 0.9962648850430678,
      "sentiment_precision_macro": 0.9535563806375439,
      "sentiment_recall_macro": 0.9472215279961679,
      "sentiment_f1_macro": 0.9503462676169286,
      "sentiment_f1_micro": 0.9650063624795492,
      "sentiment_f1_weighted": 0.9650475922391867,
      "sentiment_f1_samples": 0.9577666590857403,
      "sentiment_auc_roc": 0.9866800527270015,
      "sentiment_auc_pr": 0.9728281942717025,
      "combined_f1": 0.9737641099031606
    },
    {
      "mention_precision_macro": 0.9886242069615678,
      "mention_recall_macro": 0.9884187749123551,
      "mention_f1_macro": 0.9885028108344268,
      "mention_f1_micro": 0.9885095387322008,
      "mention_f1_weighted": 0.9885083307687368,
      "mention_auc_roc": 0.9948431160408503,
      "mention_auc_pr": 0.9958648023716064,
      "sentiment_precision_macro": 0.9569203748668049,
      "sentiment_recall_macro": 0.951338796081674,
      "sentiment_f1_macro": 0.9540416437030963,
      "sentiment_f1_micro": 0.9659253945480631,
      "sentiment_f1_weighted": 0.9659995086679001,
      "sentiment_f1_samples": 0.9568431680502579,
      "sentiment_auc_roc": 0.9861719928263106,
      "sentiment_auc_pr": 0.9766145489745149,
      "combined_f1": 0.9726729894423424
    },
    {
      "mention_precision_macro": 0.9860864099936895,
      "mention_recall_macro": 0.9858374303846037,
      "mention_f1_macro": 0.9859535008287041,
      "mention_f1_micro": 0.9859805376876134,
      "mention_f1_weighted": 0.9859787420065078,
      "mention_auc_roc": 0.9935642613001966,
      "mention_auc_pr": 0.9939794792679649,
      "sentiment_precision_macro": 0.9503606954314261,
      "sentiment_recall_macro": 0.9420283033878477,
      "sentiment_f1_macro": 0.9461276310969465,
      "sentiment_f1_micro": 0.9619121470601651,
      "sentiment_f1_weighted": 0.9620839884812649,
      "sentiment_f1_samples": 0.9509095773140718,
      "sentiment_auc_roc": 0.9833369591218767,
      "sentiment_auc_pr": 0.9713462426700502,
      "combined_f1": 0.968431539071388
    },
    {
      "mention_precision_macro": 0.989409494497514,
      "mention_recall_macro": 0.988956709319998,
      "mention_f1_macro": 0.9891512242407643,
      "mention_f1_micro": 0.9891692781351367,
      "mention_f1_weighted": 0.9891667720015512,
      "mention_auc_roc": 0.9948988322538354,
      "mention_auc_pr": 0.9959596438155424,
      "sentiment_precision_macro": 0.9570837023195113,
      "sentiment_recall_macro": 0.9445056530284882,
      "sentiment_f1_macro": 0.9507434513032815,
      "sentiment_f1_micro": 0.9627798379343496,
      "sentiment_f1_weighted": 0.9628322911934117,
      "sentiment_f1_samples": 0.9538461538461539,
      "sentiment_auc_roc": 0.9851499472490479,
      "sentiment_auc_pr": 0.9758076621374819,
      "combined_f1": 0.9714986890434592
    }
  ],
  "timestamp": "2026-04-28T17:09:28.162124"
}