{
  "model": "XLMRoBERTaForABSA",
  "n_folds": 5,
  "best_fold": 4,
  "best_combined_f1": 0.8874615149565432,
  "avg_metrics": {
    "mention_precision_macro": 0.8607654839303294,
    "mention_precision_macro_std": 0.0036364907697213214,
    "mention_recall_macro": 0.8862570027760508,
    "mention_recall_macro_std": 0.0021378083439772488,
    "mention_f1_macro": 0.8719979566549736,
    "mention_f1_macro_std": 0.0028745526995263265,
    "mention_f1_micro": 0.896784333099594,
    "mention_f1_micro_std": 0.0023889243788528464,
    "mention_f1_weighted": 0.8985477938251722,
    "mention_f1_weighted_std": 0.0021907113999676004,
    "mention_auc_roc": 0.9507685775500784,
    "mention_auc_roc_std": 0.0019258451197883132,
    "mention_auc_pr": 0.8894884854935713,
    "mention_auc_pr_std": 0.005043086848242607,
    "sentiment_precision_macro": 0.81359639212878,
    "sentiment_precision_macro_std": 0.010688550005653535,
    "sentiment_recall_macro": 0.8440438122374022,
    "sentiment_recall_macro_std": 0.0146740043933825,
    "sentiment_f1_macro": 0.828005353226429,
    "sentiment_f1_macro_std": 0.010983855220341674,
    "sentiment_f1_micro": 0.8923468098224653,
    "sentiment_f1_micro_std": 0.0014874882538796455,
    "sentiment_f1_weighted": 0.892659304808085,
    "sentiment_f1_weighted_std": 0.0024138558639253786,
    "sentiment_f1_samples": 0.8981940834140903,
    "sentiment_f1_samples_std": 0.0023901716280256093,
    "sentiment_auc_roc": 0.9547134264052011,
    "sentiment_auc_roc_std": 0.00386678834285967,
    "sentiment_auc_pr": 0.8853048402321229,
    "sentiment_auc_pr_std": 0.012673134423666034,
    "combined_f1": 0.8850960200345319,
    "combined_f1_std": 0.0012666898819751918
  },
  "fold_results": [
    {
      "mention_precision_macro": 0.8554266363789491,
      "mention_recall_macro": 0.883886297441725,
      "mention_f1_macro": 0.8677885847713107,
      "mention_f1_micro": 0.8936486687490703,
      "mention_f1_weighted": 0.8956925430993306,
      "mention_auc_roc": 0.9522982891729074,
      "mention_auc_pr": 0.8888959195679115,
      "sentiment_precision_macro": 0.7988890614384943,
      "sentiment_recall_macro": 0.8417088430493598,
      "sentiment_f1_macro": 0.8187635896807048,
      "sentiment_f1_micro": 0.8949222441790532,
      "sentiment_f1_weighted": 0.8963603203043473,
      "sentiment_f1_samples": 0.9017450682852808,
      "sentiment_auc_roc": 0.9581406185718614,
      "sentiment_auc_pr": 0.8808578803490098,
      "combined_f1": 0.8847668265282957
    },
    {
      "mention_precision_macro": 0.8650136170892253,
      "mention_recall_macro": 0.8855323732351614,
      "mention_f1_macro": 0.8743435225924145,
      "mention_f1_micro": 0.8995983935742972,
      "mention_f1_weighted": 0.9009697872540257,
      "mention_auc_roc": 0.9495230281571673,
      "mention_auc_pr": 0.8898396459146385,
      "sentiment_precision_macro": 0.8126386563540837,
      "sentiment_recall_macro": 0.8168141150000757,
      "sentiment_f1_macro": 0.8139519221901255,
      "sentiment_f1_micro": 0.8903414466328373,
      "sentiment_f1_weighted": 0.888926413598198,
      "sentiment_f1_samples": 0.8943838535790398,
      "sentiment_auc_roc": 0.9473012817568391,
      "sentiment_auc_pr": 0.8630075972543061,
      "combined_f1": 0.8843636880857272
    },
    {
      "mention_precision_macro": 0.8605282380024419,
      "mention_recall_macro": 0.8873236483959794,
      "mention_f1_macro": 0.8722397740934381,
      "mention_f1_micro": 0.8962797619047619,
      "mention_f1_weighted": 0.8981353355780202,
      "mention_auc_roc": 0.951668731577907,
      "mention_auc_pr": 0.893461144205701,
      "sentiment_precision_macro": 0.8166397251328873,
      "sentiment_recall_macro": 0.8536836260413171,
      "sentiment_f1_macro": 0.8345531551914168,
      "sentiment_f1_micro": 0.8922039612305099,
      "sentiment_f1_weighted": 0.8928692888210713,
      "sentiment_f1_samples": 0.8980136561142147,
      "sentiment_auc_roc": 0.9563177293611483,
      "sentiment_auc_pr": 0.8931054568294806,
      "combined_f1": 0.8851267151038265
    },
    {
      "mention_precision_macro": 0.8644817068841187,
      "mention_recall_macro": 0.8898704114562324,
      "mention_f1_macro": 0.8757003930971661,
      "mention_f1_micro": 0.899454365079365,
      "mention_f1_weighted": 0.9011443390306686,
      "mention_auc_roc": 0.9527397577148045,
      "mention_auc_pr": 0.8948320902734028,
      "sentiment_precision_macro": 0.808394511169881,
      "sentiment_recall_macro": 0.8496303017471695,
      "sentiment_f1_macro": 0.8280963878289338,
      "sentiment_f1_micro": 0.8925186188219364,
      "sentiment_f1_weighted": 0.8934192364067381,
      "sentiment_f1_samples": 0.8992226368159205,
      "sentiment_auc_roc": 0.9547489369080733,
      "sentiment_auc_pr": 0.8899902028344823,
      "combined_f1": 0.8874615149565432
    },
    {
      "mention_precision_macro": 0.8583772212969112,
      "mention_recall_macro": 0.884672283351156,
      "mention_f1_macro": 0.8699175087205385,
      "mention_f1_micro": 0.8949404761904762,
      "mention_f1_weighted": 0.8967969641638169,
      "mention_auc_roc": 0.9476130811276058,
      "mention_auc_pr": 0.8804136275062024,
      "sentiment_precision_macro": 0.8314200065485542,
      "sentiment_recall_macro": 0.8583821753490891,
      "sentiment_f1_macro": 0.8446617112409641,
      "sentiment_f1_micro": 0.8917477782479899,
      "sentiment_f1_weighted": 0.89172126491007,
      "sentiment_f1_samples": 0.8976052022759957,
      "sentiment_auc_roc": 0.957058565428083,
      "sentiment_auc_pr": 0.8995630638933356,
      "combined_f1": 0.8837613554982671
    }
  ],
  "timestamp": "2026-05-05T12:26:49.167122"
}