{
  "model": "XLMRoBERTaForABSA",
  "n_folds": 5,
  "best_fold": 4,
  "best_combined_f1": 0.9036517199163088,
  "avg_metrics": {
    "mention_precision_macro": 0.8777320459560729,
    "mention_precision_macro_std": 0.0033766492527517746,
    "mention_recall_macro": 0.8908893420143619,
    "mention_recall_macro_std": 0.0029618850231735287,
    "mention_f1_macro": 0.8839196091114584,
    "mention_f1_macro_std": 0.0025701109275498737,
    "mention_f1_micro": 0.9081015552509862,
    "mention_f1_micro_std": 0.0021552968133583413,
    "mention_f1_weighted": 0.9088900334851235,
    "mention_f1_weighted_std": 0.002066945373233546,
    "mention_auc_roc": 0.9504809212773685,
    "mention_auc_roc_std": 0.0023296932924141258,
    "mention_auc_pr": 0.8888894611835703,
    "mention_auc_pr_std": 0.004334422887926036,
    "sentiment_precision_macro": 0.8310190277561336,
    "sentiment_precision_macro_std": 0.005552318071246218,
    "sentiment_recall_macro": 0.8508442155164146,
    "sentiment_recall_macro_std": 0.008541532506893011,
    "sentiment_f1_macro": 0.8403300334113183,
    "sentiment_f1_macro_std": 0.004217114923447572,
    "sentiment_f1_micro": 0.9006407433393818,
    "sentiment_f1_micro_std": 0.004960972631977374,
    "sentiment_f1_weighted": 0.9002308299055113,
    "sentiment_f1_weighted_std": 0.005176819804996034,
    "sentiment_f1_samples": 0.9065386587057283,
    "sentiment_f1_samples_std": 0.005055285341204243,
    "sentiment_auc_roc": 0.9562621829741657,
    "sentiment_auc_roc_std": 0.003924163733203131,
    "sentiment_auc_pr": 0.8870645545932891,
    "sentiment_auc_pr_std": 0.0098730128234206,
    "combined_score": 0.9002239797266828,
    "combined_score_std": 0.00314567093172088,
    "combined_f1": 0.9002239797266828,
    "combined_f1_std": 0.00314567093172088,
    "combined_precision_macro": 0.8543755368561031,
    "combined_precision_macro_std": 0.0036603724810038343,
    "combined_recall_macro": 0.8708667787653882,
    "combined_recall_macro_std": 0.004211230061570926,
    "combined_f1_macro": 0.8621248212613883,
    "combined_f1_macro_std": 0.0021028935471565707,
    "combined_f1_micro": 0.9043711492951841,
    "combined_f1_micro_std": 0.0028411300659922775,
    "combined_f1_weighted": 0.9045604316953174,
    "combined_f1_weighted_std": 0.0029230359996708028,
    "combined_auc_roc": 0.9533715521257669,
    "combined_auc_roc_std": 0.0030603633184414134,
    "combined_auc_pr": 0.8879770078884297,
    "combined_auc_pr_std": 0.0061938427714636765
  },
  "fold_results": [
    {
      "mention_precision_macro": 0.8737813222380247,
      "mention_recall_macro": 0.8930987915196743,
      "mention_f1_macro": 0.8826616690029487,
      "mention_f1_micro": 0.9069859685656205,
      "mention_f1_weighted": 0.9081567559343128,
      "mention_auc_roc": 0.9529565331920563,
      "mention_auc_pr": 0.8907916301504947,
      "sentiment_precision_macro": 0.8281876781353118,
      "sentiment_recall_macro": 0.8527191865223752,
      "sentiment_f1_macro": 0.8401220551860398,
      "sentiment_f1_micro": 0.9087950672261711,
      "sentiment_f1_weighted": 0.9088394246365151,
      "sentiment_f1_samples": 0.9146117855336368,
      "sentiment_auc_roc": 0.9608829162540679,
      "sentiment_auc_pr": 0.8862381141549687,
      "combined_score": 0.9026040643730853,
      "combined_f1": 0.9026040643730853,
      "combined_precision_macro": 0.8509845001866683,
      "combined_recall_macro": 0.8729089890210248,
      "combined_f1_macro": 0.8613918620944943,
      "combined_f1_micro": 0.9078905178958958,
      "combined_f1_weighted": 0.908498090285414,
      "combined_auc_roc": 0.9569197247230621,
      "combined_auc_pr": 0.8885148721527316
    },
    {
      "mention_precision_macro": 0.8829742277079222,
      "mention_recall_macro": 0.8907818035231196,
      "mention_f1_macro": 0.8867564205365932,
      "mention_f1_micro": 0.9111507759432793,
      "mention_f1_weighted": 0.9115990003989943,
      "mention_auc_roc": 0.9474204831044665,
      "mention_auc_pr": 0.8858333021970901,
      "sentiment_precision_macro": 0.8295795179069124,
      "sentiment_recall_macro": 0.8369949926099677,
      "sentiment_f1_macro": 0.8324262382494569,
      "sentiment_f1_micro": 0.8986874839152441,
      "sentiment_f1_weighted": 0.8974871156671445,
      "sentiment_f1_samples": 0.9029083615394258,
      "sentiment_auc_roc": 0.9501540673553189,
      "sentiment_auc_pr": 0.8683979164482126,
      "combined_score": 0.8954851724308971,
      "combined_f1": 0.8954851724308971,
      "combined_precision_macro": 0.8562768728074173,
      "combined_recall_macro": 0.8638883980665437,
      "combined_f1_macro": 0.8595913293930251,
      "combined_f1_micro": 0.9049191299292617,
      "combined_f1_weighted": 0.9045430580330693,
      "combined_auc_roc": 0.9487872752298927,
      "combined_auc_pr": 0.8771156093226513
    },
    {
      "mention_precision_macro": 0.87614207793997,
      "mention_recall_macro": 0.8879684295216834,
      "mention_f1_macro": 0.8817600770107656,
      "mention_f1_micro": 0.9061011904761904,
      "mention_f1_weighted": 0.9068276717242566,
      "mention_auc_roc": 0.9527893299488934,
      "mention_auc_pr": 0.8934632502325398,
      "sentiment_precision_macro": 0.823197659527096,
      "sentiment_recall_macro": 0.8638030226112291,
      "sentiment_f1_macro": 0.8427550267093887,
      "sentiment_f1_micro": 0.8985653158822049,
      "sentiment_f1_weighted": 0.8990262288021335,
      "sentiment_f1_samples": 0.9067039106145252,
      "sentiment_auc_roc": 0.9574301075038482,
      "sentiment_auc_pr": 0.8946900742516118,
      "combined_score": 0.9018148331003483,
      "combined_f1": 0.9018148331003483,
      "combined_precision_macro": 0.849669868733533,
      "combined_recall_macro": 0.8758857260664563,
      "combined_f1_macro": 0.8622575518600772,
      "combined_f1_micro": 0.9023332531791977,
      "combined_f1_weighted": 0.902926950263195,
      "combined_auc_roc": 0.9551097187263708,
      "combined_auc_pr": 0.8940766622420758
    },
    {
      "mention_precision_macro": 0.8802632708324003,
      "mention_recall_macro": 0.8951784993949172,
      "mention_f1_macro": 0.8872566817106853,
      "mention_f1_micro": 0.910218253968254,
      "mention_f1_weighted": 0.9110813950665272,
      "mention_auc_roc": 0.9511728834711577,
      "mention_auc_pr": 0.8923858413080222,
      "sentiment_precision_macro": 0.839275080994288,
      "sentiment_recall_macro": 0.8510789319563479,
      "sentiment_f1_macro": 0.8446493523326223,
      "sentiment_f1_micro": 0.9030461564424943,
      "sentiment_f1_weighted": 0.9023756918640252,
      "sentiment_f1_samples": 0.9086380597014924,
      "sentiment_auc_roc": 0.9593305179207653,
      "sentiment_auc_pr": 0.8951991861794704,
      "combined_score": 0.9036517199163088,
      "combined_f1": 0.9036517199163088,
      "combined_precision_macro": 0.8597691759133441,
      "combined_recall_macro": 0.8731287156756325,
      "combined_f1_macro": 0.8659530170216538,
      "combined_f1_micro": 0.9066322052053741,
      "combined_f1_weighted": 0.9067285434652762,
      "combined_auc_roc": 0.9552517006959615,
      "combined_auc_pr": 0.8937925137437464
    },
    {
      "mention_precision_macro": 0.8754993310620467,
      "mention_recall_macro": 0.887419186112415,
      "mention_f1_macro": 0.881163197296299,
      "mention_f1_micro": 0.9060515873015873,
      "mention_f1_weighted": 0.9067853443015266,
      "mention_auc_roc": 0.9480653766702681,
      "mention_auc_pr": 0.8819732820297039,
      "sentiment_precision_macro": 0.8348552022170601,
      "sentiment_recall_macro": 0.8496249438821536,
      "sentiment_f1_macro": 0.8416974945790839,
      "sentiment_f1_micro": 0.8941096932307953,
      "sentiment_f1_weighted": 0.8934256885577381,
      "sentiment_f1_samples": 0.8998311761395611,
      "sentiment_auc_roc": 0.9535133058368276,
      "sentiment_auc_pr": 0.8907974819321826,
      "combined_score": 0.8975641088127744,
      "combined_f1": 0.8975641088127744,