{
  "model": "CNNBiLSTMForABSA",
  "n_folds": 5,
  "best_fold": 4,
  "best_combined_f1": 0.7782985628798815,
  "avg_metrics": {
    "mention_precision_macro": 0.8187419522403843,
    "mention_precision_macro_std": 0.003984656033849489,
    "mention_recall_macro": 0.8063675219649374,
    "mention_recall_macro_std": 0.0037834442498432437,
    "mention_f1_macro": 0.8098977752692846,
    "mention_f1_macro_std": 0.003946611441878856,
    "mention_f1_micro": 0.8156688108197262,
    "mention_f1_micro_std": 0.004120276662336171,
    "mention_f1_weighted": 0.8138504798272352,
    "mention_f1_weighted_std": 0.004147766613022466,
    "mention_auc_roc": 0.8981211665826759,
    "mention_auc_roc_std": 0.00309614756227091,
    "mention_auc_pr": 0.9071897746238452,
    "mention_auc_pr_std": 0.006215776225171067,
    "sentiment_precision_macro": 0.8822662416852062,
    "sentiment_precision_macro_std": 0.004903382274827933,
    "sentiment_recall_macro": 0.6769575604196997,
    "sentiment_recall_macro_std": 0.004909111203827957,
    "sentiment_f1_macro": 0.7632490498343668,
    "sentiment_f1_macro_std": 0.004028942770023884,
    "sentiment_f1_micro": 0.8140308671895958,
    "sentiment_f1_micro_std": 0.002580646341430497,
    "sentiment_f1_weighted": 0.8104652994957693,
    "sentiment_f1_weighted_std": 0.0025140307596459464,
    "sentiment_f1_samples": 0.7325038460467386,
    "sentiment_f1_samples_std": 0.004114035621692814,
    "sentiment_auc_roc": 0.9441729203432591,
    "sentiment_auc_roc_std": 0.0009355728896342661,
    "sentiment_auc_pr": 0.8726172495258611,
    "sentiment_auc_pr_std": 0.0038361728399447584,
    "combined_f1": 0.7712008106580116,
    "combined_f1_std": 0.0036698458120691213
  },
  "fold_results": [
    {
      "mention_precision_macro": 0.8157244523956515,
      "mention_recall_macro": 0.8024063655379441,
      "mention_f1_macro": 0.8062378482160268,
      "mention_f1_micro": 0.8127439661333773,
      "mention_f1_weighted": 0.8107333746377665,
      "mention_auc_roc": 0.8971758974475295,
      "mention_auc_pr": 0.9087089289378387,
      "sentiment_precision_macro": 0.8828015630987208,
      "sentiment_recall_macro": 0.6727616654273675,
      "sentiment_f1_macro": 0.7592031454661864,
      "sentiment_f1_micro": 0.812479793081151,
      "sentiment_f1_weighted": 0.8075816637561611,
      "sentiment_f1_samples": 0.7300409916064806,
      "sentiment_auc_roc": 0.9435526708112052,
      "sentiment_auc_pr": 0.8724242603684669,
      "combined_f1": 0.7681394199112537
    },
    {
      "mention_precision_macro": 0.8150941576294852,
      "mention_recall_macro": 0.8030937902842217,
      "mention_f1_macro": 0.8063248357177806,
      "mention_f1_micro": 0.8116993787453956,
      "mention_f1_weighted": 0.8098777102010523,
      "mention_auc_roc": 0.8971908905937572,
      "mention_auc_pr": 0.9074872123170914,
      "sentiment_precision_macro": 0.8771083034333961,
      "sentiment_recall_macro": 0.6809391168276213,
      "sentiment_f1_macro": 0.7645327707459512,
      "sentiment_f1_micro": 0.814689696507383,
      "sentiment_f1_weighted": 0.8117942677961381,
      "sentiment_f1_samples": 0.7335413365029054,
      "sentiment_auc_roc": 0.9457965238985357,
      "sentiment_auc_pr": 0.8719594270519595,
      "combined_f1": 0.7699330861103431
    },
    {
      "mention_precision_macro": 0.8218806024776323,
      "mention_recall_macro": 0.808599227153078,
      "mention_f1_macro": 0.8122811890970365,
      "mention_f1_micro": 0.8180768596404421,
      "mention_f1_weighted": 0.8161673348963225,
      "mention_auc_roc": 0.9006044776981307,
      "mention_auc_pr": 0.9117557483712755,
      "sentiment_precision_macro": 0.8799607638088675,
      "sentiment_recall_macro": 0.6695742107587831,
      "sentiment_f1_macro": 0.7583066909163021,
      "sentiment_f1_micro": 0.8115203124152519,
      "sentiment_f1_weighted": 0.8083514043783329,
      "sentiment_f1_samples": 0.729424880320021,
      "sentiment_auc_roc": 0.9430709463328452,
      "sentiment_auc_pr": 0.8671386076161053,
      "combined_f1": 0.7708530347085287
    },
    {
      "mention_precision_macro": 0.825027772147856,
      "mention_recall_macro": 0.8125885048327226,
      "mention_f1_macro": 0.8164624587046339,
      "mention_f1_micro": 0.822640057177415,
      "mention_f1_weighted": 0.8209146985389277,
      "mention_auc_roc": 0.9022793558430676,
      "mention_auc_pr": 0.9126462192609315,
      "sentiment_precision_macro": 0.8913876036092798,
      "sentiment_recall_macro": 0.6821095956392998,
      "sentiment_f1_macro": 0.7692270819923724,
      "sentiment_f1_micro": 0.8187626450857204,
      "sentiment_f1_weighted": 0.8145714206998564,
      "sentiment_f1_samples": 0.7401346670551293,
      "sentiment_auc_roc": 0.9444834539018409,
      "sentiment_auc_pr": 0.8791779022988279,
      "combined_f1": 0.7782985628798815
    },
    {
      "mention_precision_macro": 0.8159827765512964,
      "mention_recall_macro": 0.8051497220167206,
      "mention_f1_macro": 0.8081825446109451,
      "mention_f1_micro": 0.8131837924020012,
      "mention_f1_weighted": 0.8115592808621075,
      "mention_auc_roc": 0.8933552113308945,
      "mention_auc_pr": 0.895350764232089,
      "sentiment_precision_macro": 0.8800729744757666,
      "sentiment_recall_macro": 0.6794032134454268,
      "sentiment_f1_macro": 0.7649755600510221,
      "sentiment_f1_micro": 0.8127018888584725,
      "sentiment_f1_weighted": 0.8100277408483588,
      "sentiment_f1_samples": 0.7293773547491572,
      "sentiment_auc_roc": 0.9439610067718679,
      "sentiment_auc_pr": 0.8723860502939461,
      "combined_f1": 0.7687799496800511
    }
  ],
  "timestamp": "2026-05-02T12:09:41.251248"
}