{
  "model": "NaiveBayesABSA",
  "n_folds": 5,
  "best_fold": 1,
  "best_combined_f1": 0.8038091660291349,
  "avg_metrics": {
    "mention_precision_macro": 0.8209890474787415,
    "mention_precision_macro_std": 0.00355433757901482,
    "mention_recall_macro": 0.817360456074993,
    "mention_recall_macro_std": 0.004050775121289215,
    "mention_f1_macro": 0.8187946460027492,
    "mention_f1_macro_std": 0.0039014825032313775,
    "mention_f1_micro": 0.822310187475947,
    "mention_f1_micro_std": 0.003998248188245952,
    "mention_f1_weighted": 0.8218026930258107,
    "mention_f1_weighted_std": 0.004093394236520578,
    "mention_auc_roc": 0.9013689012335577,
    "mention_auc_roc_std": 0.00358914974071197,
    "mention_auc_pr": 0.9116020353584909,
    "mention_auc_pr_std": 0.006184900208520294,
    "sentiment_precision_macro": 0.9015423188147503,
    "sentiment_precision_macro_std": 0.0038164488592720212,
    "sentiment_recall_macro": 0.6221785188145684,
    "sentiment_recall_macro_std": 0.00359285398268959,
    "sentiment_f1_macro": 0.7188000456670668,
    "sentiment_f1_macro_std": 0.0027864728830767067,
    "sentiment_f1_micro": 0.8135520196222459,
    "sentiment_f1_micro_std": 0.003103748561610343,
    "sentiment_f1_weighted": 0.7995468103664047,
    "sentiment_f1_weighted_std": 0.002968308637702604,
    "sentiment_f1_samples": 0.7370476668424095,
    "sentiment_f1_samples_std": 0.0034558322019148427,
    "sentiment_auc_roc": 0.8016311428099238,
    "sentiment_auc_roc_std": 0.003654953279913262,
    "sentiment_auc_pr": 0.7877569844280246,
    "sentiment_auc_pr_std": 0.0042957521670987904,
    "combined_f1": 0.7993059329425877,
    "combined_f1_std": 0.002750994255757503,
    "combined_precision_macro": 0.861265683146746,
    "combined_precision_macro_std": 0.0034926363390947097,
    "combined_recall_macro": 0.7197694874447806,
    "combined_recall_macro_std": 0.0032873671025996634,
    "combined_f1_macro": 0.7687973458349079,
    "combined_f1_macro_std": 0.0030107732023002304,
    "combined_f1_micro": 0.8179311035490964,
    "combined_f1_micro_std": 0.003126729813338106,
    "combined_f1_weighted": 0.8106747516961077,
    "combined_f1_weighted_std": 0.002928727847240228,
    "combined_auc_roc": 0.8515000220217408,
    "combined_auc_roc_std": 0.0026011617295318935,
    "combined_auc_pr": 0.8496795098932577,
    "combined_auc_pr_std": 0.003637429982254552,
    "combined_score": 0.7993059329425877,
    "combined_score_std": 0.002750994255757503
  },
  "fold_results": [
    {
      "mention_precision_macro": 0.825993650535197,
      "mention_recall_macro": 0.8227606790122743,
      "mention_f1_macro": 0.8241261851374009,
      "mention_f1_micro": 0.8277530375501677,
      "mention_f1_weighted": 0.8273239803543236,
      "mention_auc_roc": 0.9048914701613626,
      "mention_auc_pr": 0.9171830451560012,
      "sentiment_precision_macro": 0.909048550603992,
      "sentiment_recall_macro": 0.6279637298326284,
      "sentiment_f1_macro": 0.7237140811130417,
      "sentiment_f1_micro": 0.8175965665236051,
      "sentiment_f1_weighted": 0.8028055318731704,
      "sentiment_f1_samples": 0.7410371527100006,
      "sentiment_auc_roc": 0.8047493240183377,
      "sentiment_auc_pr": 0.7929953615821134,
      "combined_f1": 0.8038091660291349,
      "combined_precision_macro": 0.8675211005695945,
      "combined_recall_macro": 0.7253622044224514,
      "combined_f1_macro": 0.7739201331252212,
      "combined_f1_micro": 0.8226748020368864,
      "combined_f1_weighted": 0.815064756113747,
      "combined_auc_roc": 0.8548203970898501,
      "combined_auc_pr": 0.8550892033690574,
      "combined_score": 0.8038091660291349
    },
    {
      "mention_precision_macro": 0.8150424007175201,
      "mention_recall_macro": 0.8110746373918256,
      "mention_f1_macro": 0.8125961349698417,
      "mention_f1_micro": 0.8159327065809006,
      "mention_f1_weighted": 0.8153498032586555,
      "mention_auc_roc": 0.8965538209930008,
      "mention_auc_pr": 0.9055396350459893,
      "sentiment_precision_macro": 0.8986459200237055,
      "sentiment_recall_macro": 0.6190906119009397,
      "sentiment_f1_macro": 0.7163216389520136,
      "sentiment_f1_micro": 0.8105073845986157,
      "sentiment_f1_weighted": 0.7972034843530059,
      "sentiment_f1_samples": 0.7334918119387216,
      "sentiment_auc_roc": 0.798051085006775,
      "sentiment_auc_pr": 0.7857758090429723,
      "combined_f1": 0.7951604244837271,
      "combined_precision_macro": 0.8568441603706127,
      "combined_recall_macro": 0.7150826246463826,
      "combined_f1_macro": 0.7644588869609277,
      "combined_f1_micro": 0.8132200455897581,
      "combined_f1_weighted": 0.8062766438058306,
      "combined_auc_roc": 0.8473024529998879,
      "combined_auc_pr": 0.8456577220444808,
      "combined_score": 0.7951604244837271
    },
    {
      "mention_precision_macro": 0.8221409808761027,
      "mention_recall_macro": 0.8186609879147128,
      "mention_f1_macro": 0.82007660861526,
      "mention_f1_micro": 0.8234647314310847,
      "mention_f1_weighted": 0.8229855618181096,
      "mention_auc_roc": 0.902155252351045,
      "mention_auc_pr": 0.9147214539916733,
      "sentiment_precision_macro": 0.8996595107481915,
      "sentiment_recall_macro": 0.619102982399656,
      "sentiment_f1_macro": 0.71723781242996,
      "sentiment_f1_micro": 0.8156569757999026,
      "sentiment_f1_weighted": 0.8015994362634201,
      "sentiment_f1_samples": 0.7384910485933504,
      "sentiment_auc_roc": 0.7978517678727967,
      "sentiment_auc_pr": 0.7807760769505648,
      "combined_f1": 0.7987422468164638,
      "combined_precision_macro": 0.8609002458121471,
      "combined_recall_macro": 0.7188819851571844,
      "combined_f1_macro": 0.7686572105226099,
      "combined_f1_micro": 0.8195608536154937,
      "combined_f1_weighted": 0.8122924990407648,
      "combined_auc_roc": 0.8500035101119208,
      "combined_auc_pr": 0.8477487654711191,
      "combined_score": 0.7987422468164638
    },
    {
      "mention_precision_macro": 0.8217234301248657,
      "mention_recall_macro": 0.819560528482479,
      "mention_f1_macro": 0.8205276973803552,
      "mention_f1_micro": 0.8242344274011766,
      "mention_f1_weighted": 0.8239380591630925,
      "mention_auc_roc": 0.9053683157116558,
      "mention_auc_pr": 0.9177044165945072,
      "sentiment_precision_macro": 0.9008231933220374,
      "sentiment_recall_macro": 0.6199172565302485,
      "sentiment_f1_macro": 0.7166736839151481,
      "sentiment_f1_micro": 0.8094220702916355,
      "sentiment_f1_weighted": 0.794954263872836,
      "sentiment_f1_samples": 0.7324139717069696,
      "sentiment_auc_roc": 0.8005132683615805,
      "sentiment_auc_pr": 0.7880008569083549,
      "combined_f1": 0.799273735580426,
      "combined_precision_macro": 0.8612733117234516,
      "combined_recall_macro": 0.7197388925063637,
      "combined_f1_macro": 0.7686006906477516,
      "combined_f1_micro": 0.816828248846406,
      "combined_f1_weighted": 0.8094461615179642,
      "combined_auc_roc": 0.8529407920366181,
      "combined_auc_pr": 0.8528526367514311,
      "combined_score": 0.799273735580426
    },
    {
      "mention_precision_macro": 0.8200447751400217,
      "mention_recall_macro": 0.8147454475736728,
      "mention_f1_macro": 0.8166466039108881,
      "mention_f1_micro": 0.8201660344164056,
      "mention_f1_weighted": 0.8194160605348727,
      "mention_auc_roc": 0.8978756469507245,
      "mention_auc_pr": 0.9028616260042834,
      "sentiment_precision_macro": 0.8995344193758251,
      "sentiment_recall_macro": 0.6248180134093695,
      "sentiment_f1_macro": 0.7200530119251706,
      "sentiment_f1_micro": 0.8145771008974708,
      "sentiment_f1_weighted": 0.8011713354695909,
      "sentiment_f1_samples": 0.7398043492630049,
      "sentiment_auc_roc": 0.8069902687901288,
      "sentiment_auc_pr": 0.7912368176561172,
      "combined_f1": 0.799544091803186,
      "combined_precision_macro": 0.8597895972579235,