{
  "model": "NaiveBayesABSA",
  "n_folds": 5,
  "best_fold": 1,
  "best_combined_f1": 0.7825816689237007,
  "avg_metrics": {
    "mention_precision_macro": 0.8209890474787415,
    "mention_precision_macro_std": 0.00355433757901482,
    "mention_recall_macro": 0.817360456074993,
    "mention_recall_macro_std": 0.004050775121289215,
    "mention_f1_macro": 0.8187946460027492,
    "mention_f1_macro_std": 0.0039014825032313775,
    "mention_f1_micro": 0.822310187475947,
    "mention_f1_micro_std": 0.003998248188245952,
    "mention_f1_weighted": 0.8218026930258107,
    "mention_f1_weighted_std": 0.004093394236520578,
    "mention_auc_roc": 0.9013689012335577,
    "mention_auc_roc_std": 0.00358914974071197,
    "mention_auc_pr": 0.9116020353584909,
    "mention_auc_pr_std": 0.006184900208520294,
    "sentiment_precision_macro": 0.9015423188147503,
    "sentiment_precision_macro_std": 0.0038164488592720212,
    "sentiment_recall_macro": 0.6221785188145684,
    "sentiment_recall_macro_std": 0.00359285398268959,
    "sentiment_f1_macro": 0.7188000456670668,
    "sentiment_f1_macro_std": 0.0027864728830767067,
    "sentiment_f1_micro": 0.8135520196222459,
    "sentiment_f1_micro_std": 0.003103748561610343,
    "sentiment_f1_weighted": 0.7995468103664047,
    "sentiment_f1_weighted_std": 0.002968308637702604,
    "sentiment_f1_samples": 0.7370476668424095,
    "sentiment_f1_samples_std": 0.0034558322019148427,
    "sentiment_auc_roc": 0.8016311428099238,
    "sentiment_auc_roc_std": 0.003654953279913262,
    "sentiment_auc_pr": 0.7877569844280246,
    "sentiment_auc_pr_std": 0.0042957521670987904,
    "combined_f1": 0.7779211564225793,
    "combined_f1_std": 0.003148339570920414
  },
  "fold_results": [
    {
      "mention_precision_macro": 0.825993650535197,
      "mention_recall_macro": 0.8227606790122743,
      "mention_f1_macro": 0.8241261851374009,
      "mention_f1_micro": 0.8277530375501677,
      "mention_f1_weighted": 0.8273239803543236,
      "mention_auc_roc": 0.9048914701613626,
      "mention_auc_pr": 0.9171830451560012,
      "sentiment_precision_macro": 0.909048550603992,
      "sentiment_recall_macro": 0.6279637298326284,
      "sentiment_f1_macro": 0.7237140811130417,
      "sentiment_f1_micro": 0.8175965665236051,
      "sentiment_f1_weighted": 0.8028055318731704,
      "sentiment_f1_samples": 0.7410371527100006,
      "sentiment_auc_roc": 0.8047493240183377,
      "sentiment_auc_pr": 0.7929953615821134,
      "combined_f1": 0.7825816689237007
    },
    {
      "mention_precision_macro": 0.8150424007175201,
      "mention_recall_macro": 0.8110746373918256,
      "mention_f1_macro": 0.8125961349698417,
      "mention_f1_micro": 0.8159327065809006,
      "mention_f1_weighted": 0.8153498032586555,
      "mention_auc_roc": 0.8965538209930008,
      "mention_auc_pr": 0.9055396350459893,
      "sentiment_precision_macro": 0.8986459200237055,
      "sentiment_recall_macro": 0.6190906119009397,
      "sentiment_f1_macro": 0.7163216389520136,
      "sentiment_f1_micro": 0.8105073845986157,
      "sentiment_f1_weighted": 0.7972034843530059,
      "sentiment_f1_samples": 0.7334918119387216,
      "sentiment_auc_roc": 0.798051085006775,
      "sentiment_auc_pr": 0.7857758090429723,
      "combined_f1": 0.7730439734542817
    },
    {
      "mention_precision_macro": 0.8221409808761027,
      "mention_recall_macro": 0.8186609879147128,
      "mention_f1_macro": 0.82007660861526,
      "mention_f1_micro": 0.8234647314310847,
      "mention_f1_weighted": 0.8229855618181096,
      "mention_auc_roc": 0.902155252351045,
      "mention_auc_pr": 0.9147214539916733,
      "sentiment_precision_macro": 0.8996595107481915,
      "sentiment_recall_macro": 0.619102982399656,
      "sentiment_f1_macro": 0.71723781242996,
      "sentiment_f1_micro": 0.8156569757999026,
      "sentiment_f1_weighted": 0.8015994362634201,
      "sentiment_f1_samples": 0.7384910485933504,
      "sentiment_auc_roc": 0.7978517678727967,
      "sentiment_auc_pr": 0.7807760769505648,
      "combined_f1": 0.7792838286043051
    },
    {
      "mention_precision_macro": 0.8217234301248657,
      "mention_recall_macro": 0.819560528482479,
      "mention_f1_macro": 0.8205276973803552,
      "mention_f1_micro": 0.8242344274011766,
      "mention_f1_weighted": 0.8239380591630925,
      "mention_auc_roc": 0.9053683157116558,
      "mention_auc_pr": 0.9177044165945072,
      "sentiment_precision_macro": 0.9008231933220374,
      "sentiment_recall_macro": 0.6199172565302485,
      "sentiment_f1_macro": 0.7166736839151481,
      "sentiment_f1_micro": 0.8094220702916355,
      "sentiment_f1_weighted": 0.794954263872836,
      "sentiment_f1_samples": 0.7324139717069696,
      "sentiment_auc_roc": 0.8005132683615805,
      "sentiment_auc_pr": 0.7880008569083549,
      "combined_f1": 0.7764708345436624
    },
    {
      "mention_precision_macro": 0.8200447751400217,
      "mention_recall_macro": 0.8147454475736728,
      "mention_f1_macro": 0.8166466039108881,
      "mention_f1_micro": 0.8201660344164056,
      "mention_f1_weighted": 0.8194160605348727,
      "mention_auc_roc": 0.8978756469507245,
      "mention_auc_pr": 0.9028616260042834,
      "sentiment_precision_macro": 0.8995344193758251,
      "sentiment_recall_macro": 0.6248180134093695,
      "sentiment_f1_macro": 0.7200530119251706,
      "sentiment_f1_micro": 0.8145771008974708,
      "sentiment_f1_weighted": 0.8011713354695909,
      "sentiment_f1_samples": 0.7398043492630049,
      "sentiment_auc_roc": 0.8069902687901288,
      "sentiment_auc_pr": 0.7912368176561172,
      "combined_f1": 0.7782254765869465
    }
  ],
  "timestamp": "2026-05-02T11:46:22.986831"
}