{
  "model": "PhoBERTForABSAMultiPolarity",
  "n_folds": 5,
  "best_fold": 3,
  "best_combined_f1": 0.8824114760937103,
  "avg_metrics": {
    "mention_precision_macro": 0.8524849743496699,
    "mention_precision_macro_std": 0.0026445541829968012,
    "mention_recall_macro": 0.8472401524706138,
    "mention_recall_macro_std": 0.002583386814022517,
    "mention_f1_macro": 0.8492735418227693,
    "mention_f1_macro_std": 0.0026416863856737922,
    "mention_f1_micro": 0.8524272912199681,
    "mention_f1_micro_std": 0.002892380276247037,
    "mention_f1_weighted": 0.8518746252313942,
    "mention_f1_weighted_std": 0.00290346478943678,
    "mention_auc_roc": 0.9226470206707302,
    "mention_auc_roc_std": 0.0035122082364355506,
    "mention_auc_pr": 0.9239842277791397,
    "mention_auc_pr_std": 0.005394872540538506,
    "sentiment_precision_macro": 0.9186882568994206,
    "sentiment_precision_macro_std": 0.003030916818950161,
    "sentiment_recall_macro": 0.7815540512858169,
    "sentiment_recall_macro_std": 0.004789878287905832,
    "sentiment_f1_macro": 0.8435999054166912,
    "sentiment_f1_macro_std": 0.0032286195125434043,
    "sentiment_f1_micro": 0.8681534635234888,
    "sentiment_f1_micro_std": 0.002427211217241528,
    "sentiment_f1_weighted": 0.8671861591689876,
    "sentiment_f1_weighted_std": 0.0024610086870528233,
    "sentiment_f1_samples": 0.8061767115503475,
    "sentiment_f1_samples_std": 0.003568393163866769,
    "sentiment_auc_roc": 0.9663015211411918,
    "sentiment_auc_roc_std": 0.0006305009980518475,
    "sentiment_auc_pr": 0.928737224069405,
    "sentiment_auc_pr_std": 0.0005395402338504604,
    "combined_f1": 0.8801121119102332,
    "combined_f1_std": 0.0022862486621198727,
    "combined_precision_macro": 0.8855866156245453,
    "combined_precision_macro_std": 0.00181608352423349,
    "combined_recall_macro": 0.8143971018782153,
    "combined_recall_macro_std": 0.0028311552346526082,
    "combined_f1_macro": 0.8464367236197303,
    "combined_f1_macro_std": 0.002165571734304576,
    "combined_f1_micro": 0.8602903773717285,
    "combined_f1_micro_std": 0.0021074008358531143,
    "combined_f1_weighted": 0.8595303922001909,
    "combined_f1_weighted_std": 0.0021018147320011325,
    "combined_auc_roc": 0.944474270905961,
    "combined_auc_roc_std": 0.0019998336545356673,
    "combined_auc_pr": 0.9263607259242723,
    "combined_auc_pr_std": 0.0027921022833722205,
    "combined_score": 0.8801121119102332,
    "combined_score_std": 0.0022862486621198727
  },
  "fold_results": [
    {
      "mention_precision_macro": 0.8548380916015941,
      "mention_recall_macro": 0.8489567872929484,
      "mention_f1_macro": 0.8512551826161838,
      "mention_f1_micro": 0.8547473747869592,
      "mention_f1_weighted": 0.8541409086905632,
      "mention_auc_roc": 0.9253544106679081,
      "mention_auc_pr": 0.9277596861016097,
      "sentiment_precision_macro": 0.914493750987833,
      "sentiment_recall_macro": 0.7872502886434538,
      "sentiment_f1_macro": 0.845405550191581,
      "sentiment_f1_micro": 0.8687623197427119,
      "sentiment_f1_weighted": 0.8679252945225753,
      "sentiment_f1_samples": 0.8082341076192334,
      "sentiment_auc_roc": 0.9672109876374807,
      "sentiment_auc_pr": 0.9281720143315623,
      "combined_f1": 0.8819189498315506,
      "combined_precision_macro": 0.8846659212947136,
      "combined_recall_macro": 0.8181035379682011,
      "combined_f1_macro": 0.8483303664038824,
      "combined_f1_micro": 0.8617548472648355,
      "combined_f1_weighted": 0.8610331016065693,
      "combined_auc_roc": 0.9462826991526945,
      "combined_auc_pr": 0.927965850216586,
      "combined_score": 0.8819189498315506
    },
    {
      "mention_precision_macro": 0.8498646447947887,
      "mention_recall_macro": 0.8440767899143142,
      "mention_f1_macro": 0.8462048974221308,
      "mention_f1_micro": 0.8491945681455825,
      "mention_f1_weighted": 0.8485662185810715,
      "mention_auc_roc": 0.9214668920118988,
      "mention_auc_pr": 0.9233948723741718,
      "sentiment_precision_macro": 0.9221155877318382,
      "sentiment_recall_macro": 0.7862712323844151,
      "sentiment_f1_macro": 0.8477383687120623,
      "sentiment_f1_micro": 0.8689182058047493,
      "sentiment_f1_weighted": 0.8680330126776842,
      "sentiment_f1_samples": 0.8072008716323297,
      "sentiment_auc_roc": 0.9661240325848249,
      "sentiment_auc_pr": 0.9295446697633888,
      "combined_f1": 0.8802011574203712,
      "combined_precision_macro": 0.8859901162633135,
      "combined_recall_macro": 0.8151740111493646,
      "combined_f1_macro": 0.8469716330670966,
      "combined_f1_micro": 0.859056386975166,
      "combined_f1_weighted": 0.8582996156293778,
      "combined_auc_roc": 0.9437954622983619,
      "combined_auc_pr": 0.9264697710687804,
      "combined_score": 0.8802011574203712
    },
    {
      "mention_precision_macro": 0.8545489552048319,
      "mention_recall_macro": 0.8489134217189716,
      "mention_f1_macro": 0.8510720906347811,
      "mention_f1_micro": 0.8541975919511793,
      "mention_f1_weighted": 0.8536140068856506,
      "mention_auc_roc": 0.9253347687762428,
      "mention_auc_pr": 0.9278873803342201,
      "sentiment_precision_macro": 0.9222352946402346,
      "sentiment_recall_macro": 0.7815568835442585,
      "sentiment_f1_macro": 0.8449744926645332,
      "sentiment_f1_micro": 0.8720041862899006,
      "sentiment_f1_weighted": 0.8709907516501784,
      "sentiment_f1_samples": 0.8111679454390452,
      "sentiment_auc_roc": 0.9668306453876793,
      "sentiment_auc_pr": 0.9287048326006687,
      "combined_f1": 0.8824114760937103,
      "combined_precision_macro": 0.8883921249225333,
      "combined_recall_macro": 0.8152351526316151,
      "combined_f1_macro": 0.8480232916496571,
      "combined_f1_micro": 0.86310088912054,
      "combined_f1_weighted": 0.8623023792679145,
      "combined_auc_roc": 0.9460827070819611,
      "combined_auc_pr": 0.9282961064674444,
      "combined_score": 0.8824114760937103
    },
    {
      "mention_precision_macro": 0.8544754341997685,
      "mention_recall_macro": 0.8500925392182637,
      "mention_f1_macro": 0.8519228590685457,
      "mention_f1_micro": 0.855352135906317,
      "mention_f1_weighted": 0.854902414991537,
      "mention_auc_roc": 0.9248318478935376,
      "mention_auc_pr": 0.9271685840619706,
      "sentiment_precision_macro": 0.9175689843909468,
      "sentiment_recall_macro": 0.7780439549353071,
      "sentiment_f1_macro": 0.8411778021963253,
      "sentiment_f1_micro": 0.8656561998861931,
      "sentiment_f1_weighted": 0.8645781304431014,
      "sentiment_f1_samples": 0.8028066427114694,
      "sentiment_auc_roc": 0.9658350800975035,
      "sentiment_auc_pr": 0.9291124170001854,
      "combined_f1": 0.8801091175956467,
      "combined_precision_macro": 0.8860222092953576,
      "combined_recall_macro": 0.8140682470767854,
      "combined_f1_macro": 0.8465503306324356,
      "combined_f1_micro": 0.8605041678962551,
      "combined_f1_weighted": 0.8597402727173191,
      "combined_auc_roc": 0.9453334639955205,
      "combined_auc_pr": 0.928140500531078,
      "combined_score": 0.8801091175956467
    },
    {
      "mention_precision_macro": 0.8486977459473666,
      "mention_recall_macro": 0.8441612242085705,
      "mention_f1_macro": 0.845912679372204,
      "mention_f1_micro": 0.8486447853098026,
      "mention_f1_weighted": 0.8481495770081487,
      "mention_auc_roc": 0.9162471840040638,
      "mention_auc_pr": 0.913710616023726,
      "sentiment_precision_macro": 0.9170276667462499,
      "sentiment_recall_macro": 0.7746478969216503,
      "sentiment_f1_macro": 0.838703313318954,
      "sentiment_f1_micro": 0.8654264058938888,
      "sentiment_f1_weighted": 0.8644036065513986,
      "sentiment_f1_samples": 0.8014739903496595,
      "sentiment_auc_roc": 0.9655068599984707,
      "sentiment_auc_pr": 0.9281521866512193,
      "combined_f1": 0.8759198586098873,