{
  "model": "LogisticRegressionABSA",
  "n_folds": 5,
  "best_fold": 3,
  "best_combined_f1": 0.7253865815204397,
  "avg_metrics": {
    "mention_precision_macro": 0.8556744051824255,
    "mention_precision_macro_std": 0.00420309663780755,
    "mention_recall_macro": 0.8702526061660955,
    "mention_recall_macro_std": 0.004986311538274348,
    "mention_f1_macro": 0.8623571021873581,
    "mention_f1_macro_std": 0.0030356384615912715,
    "mention_f1_micro": 0.8906844175644377,
    "mention_f1_micro_std": 0.002305186387295784,
    "mention_f1_weighted": 0.8917857154015992,
    "mention_f1_weighted_std": 0.002088462144347333,
    "mention_auc_roc": 0.9425602016158399,
    "mention_auc_roc_std": 0.0031151832174960044,
    "mention_auc_pr": 0.8688684520598233,
    "mention_auc_pr_std": 0.005738291695183266,
    "sentiment_precision_macro": 0.618694045678165,
    "sentiment_precision_macro_std": 0.010970098198266911,
    "sentiment_recall_macro": 0.5638275012324627,
    "sentiment_recall_macro_std": 0.018528429811925807,
    "sentiment_f1_macro": 0.5692712194135632,
    "sentiment_f1_macro_std": 0.00605126360045389,
    "sentiment_f1_micro": 0.6856478455187858,
    "sentiment_f1_micro_std": 0.0037808990558642376,
    "sentiment_f1_weighted": 0.7123333371511953,
    "sentiment_f1_weighted_std": 0.0063537604198150915,
    "sentiment_f1_samples": 0.6220737539090745,
    "sentiment_f1_samples_std": 0.00916059128864714,
    "sentiment_auc_roc": 0.6342049459985252,
    "sentiment_auc_roc_std": 0.004863179042965909,
    "sentiment_auc_pr": 0.6241775908443137,
    "sentiment_auc_pr_std": 0.006215335637596055,
    "combined_precision_macro": 0.7371842254302953,
    "combined_precision_macro_std": 0.00499325179042296,
    "combined_recall_macro": 0.717040053699279,
    "combined_recall_macro_std": 0.011005174095205078,
    "combined_f1_macro": 0.7158141608004607,
    "combined_f1_macro_std": 0.002676411442218033,
    "combined_f1_micro": 0.7881661315416117,
    "combined_f1_micro_std": 0.0018544394877336994,
    "combined_f1_weighted": 0.8020595262763972,
    "combined_f1_weighted_std": 0.0032959332572353745,
    "combined_auc_roc": 0.7883825738071825,
    "combined_auc_roc_std": 0.003824251318992674,
    "combined_auc_pr": 0.7465230214520685,
    "combined_auc_pr_std": 0.005239582755524838,
    "combined_score": 0.7209682204830974,
    "combined_score_std": 0.004178601603061779,
    "combined_f1": 0.7209682204830974,
    "combined_f1_std": 0.004178601603061779
  },
  "fold_results": [
    {
      "mention_precision_macro": 0.8479536035391781,
      "mention_recall_macro": 0.8719071195807571,
      "mention_f1_macro": 0.8585838397182515,
      "mention_f1_micro": 0.8869056472804799,
      "mention_f1_weighted": 0.8887851911237964,
      "mention_auc_roc": 0.9442801432252605,
      "mention_auc_pr": 0.8686118774625851,
      "sentiment_precision_macro": 0.6309757486735385,
      "sentiment_recall_macro": 0.5839667153872931,
      "sentiment_f1_macro": 0.5752326260054595,
      "sentiment_f1_micro": 0.6916919679823351,
      "sentiment_f1_weighted": 0.7214007111605815,
      "sentiment_f1_samples": 0.6360331310065755,
      "sentiment_auc_roc": 0.6360527261238933,
      "sentiment_auc_pr": 0.6293302332104038,
      "combined_precision_macro": 0.7394646761063584,
      "combined_recall_macro": 0.7279369174840251,
      "combined_f1_macro": 0.7169082328618555,
      "combined_f1_micro": 0.7892988076314076,
      "combined_f1_weighted": 0.8050929511421889,
      "combined_auc_roc": 0.7901664346745769,
      "combined_auc_pr": 0.7489710553364944,
      "combined_score": 0.7248384223541933,
      "combined_f1": 0.7248384223541933
    },
    {
      "mention_precision_macro": 0.8593367452670844,
      "mention_recall_macro": 0.8650249745440537,
      "mention_f1_macro": 0.8621106320924523,
      "mention_f1_micro": 0.8920620754623432,
      "mention_f1_weighted": 0.8924858565227896,
      "mention_auc_roc": 0.9398593535702735,
      "mention_auc_pr": 0.8667707289713772,
      "sentiment_precision_macro": 0.6294946581236949,
      "sentiment_recall_macro": 0.5486243061539725,
      "sentiment_f1_macro": 0.5698521005571383,
      "sentiment_f1_micro": 0.6863674379704489,
      "sentiment_f1_weighted": 0.7124427603863122,
      "sentiment_f1_samples": 0.6164410179265387,
      "sentiment_auc_roc": 0.629516577182385,
      "sentiment_auc_pr": 0.6162689229067994,
      "combined_precision_macro": 0.7444157016953896,
      "combined_recall_macro": 0.706824640349013,
      "combined_f1_macro": 0.7159813663247954,
      "combined_f1_micro": 0.7892147567163961,
      "combined_f1_weighted": 0.8024643084545509,
      "combined_auc_roc": 0.7846879653763292,
      "combined_auc_pr": 0.7415198259390883,
      "combined_score": 0.7179055322095718,
      "combined_f1": 0.7179055322095718
    },
    {
      "mention_precision_macro": 0.8555602497577831,
      "mention_recall_macro": 0.8755646084286152,
      "mention_f1_macro": 0.8646243243778282,
      "mention_f1_micro": 0.8911210317460317,
      "mention_f1_weighted": 0.892609410531935,
      "mention_auc_roc": 0.9444032154697106,
      "mention_auc_pr": 0.8738359915582478,
      "sentiment_precision_macro": 0.6042375345536157,
      "sentiment_recall_macro": 0.5888412964576412,
      "sentiment_f1_macro": 0.575690007437725,
      "sentiment_f1_micro": 0.6833289485223187,
      "sentiment_f1_weighted": 0.7101011650401263,
      "sentiment_f1_samples": 0.6237243947858473,
      "sentiment_auc_roc": 0.6415449914733833,
      "sentiment_auc_pr": 0.6330766714824249,
      "combined_precision_macro": 0.7298988921556995,
      "combined_recall_macro": 0.7322029524431282,
      "combined_f1_macro": 0.7201571659077766,
      "combined_f1_micro": 0.7872249901341752,
      "combined_f1_weighted": 0.8013552877860306,
      "combined_auc_roc": 0.792974103471547,
      "combined_auc_pr": 0.7534563315203363,
      "combined_score": 0.7253865815204397,
      "combined_f1": 0.7253865815204397
    },
    {
      "mention_precision_macro": 0.8595756787037766,
      "mention_recall_macro": 0.8750630294473578,
      "mention_f1_macro": 0.8667760473417501,
      "mention_f1_micro": 0.8937003968253968,
      "mention_f1_weighted": 0.8948203879713015,
      "mention_auc_roc": 0.9462825042860025,
      "mention_auc_pr": 0.8756884146963994,
      "sentiment_precision_macro": 0.6077468066734463,
      "sentiment_recall_macro": 0.5505263367730476,
      "sentiment_f1_macro": 0.5594727316975204,
      "sentiment_f1_micro": 0.6865215044088537,
      "sentiment_f1_weighted": 0.7155887883673472,
      "sentiment_f1_samples": 0.6254664179104478,
      "sentiment_auc_roc": 0.635753811768994,
      "sentiment_auc_pr": 0.6228371084521181,
      "combined_precision_macro": 0.7336612426886114,
      "combined_recall_macro": 0.7127946831102028,
      "combined_f1_macro": 0.7131243895196353,
      "combined_f1_micro": 0.7901109506171253,
      "combined_f1_weighted": 0.8052045881693244,
      "combined_auc_roc": 0.7910181580274982,
      "combined_auc_pr": 0.7492627615742588,
      "combined_score": 0.7222132773138688,
      "combined_f1": 0.7222132773138688
    },
    {
      "mention_precision_macro": 0.8559457486443054,
      "mention_recall_macro": 0.8637032988296935,
      "mention_f1_macro": 0.8596906674065083,
      "mention_f1_micro": 0.8896329365079365,
      "mention_f1_weighted": 0.8902277308581742,
      "mention_auc_roc": 0.937975791527952,
      "mention_auc_pr": 0.8594352476105072,
      "sentiment_precision_macro": 0.6210154803665296,
      "sentiment_recall_macro": 0.5471788513903587,
      "sentiment_f1_macro": 0.5661086313699729,
      "sentiment_f1_micro": 0.6803293687099725,
      "sentiment_f1_weighted": 0.702133260801609,
      "sentiment_f1_samples": 0.6087038079159632,
      "sentiment_auc_roc": 0.6281566234439703,
      "sentiment_auc_pr": 0.6193750181698222,
      "combined_precision_macro": 0.7384806145054175,