{
  "model": "LogisticRegressionABSA",
  "n_folds": 5,
  "best_fold": 3,
  "best_combined_f1": 0.8759988204641176,
  "avg_metrics": {
    "mention_precision_macro": 0.9424401889389129,
    "mention_precision_macro_std": 0.0007628703107414946,
    "mention_recall_macro": 0.9408116665808256,
    "mention_recall_macro_std": 0.0008864750682720679,
    "mention_f1_macro": 0.94130759833377,
    "mention_f1_macro_std": 0.0008110358359568735,
    "mention_f1_micro": 0.9414591236461597,
    "mention_f1_micro_std": 0.000783242787113443,
    "mention_f1_weighted": 0.9414051065720438,
    "mention_f1_weighted_std": 0.0007883644654125144,
    "mention_auc_roc": 0.9839240259491847,
    "mention_auc_roc_std": 0.0007954120836470407,
    "mention_auc_pr": 0.9840512745983456,
    "mention_auc_pr_std": 0.001186258213502905,
    "sentiment_precision_macro": 0.916484188925579,
    "sentiment_precision_macro_std": 0.004286746014624277,
    "sentiment_recall_macro": 0.6527510671747392,
    "sentiment_recall_macro_std": 0.004033407636604278,
    "sentiment_f1_macro": 0.7351059160752544,
    "sentiment_f1_macro_std": 0.004837973746349133,
    "sentiment_f1_micro": 0.8549294744225089,
    "sentiment_f1_micro_std": 0.0026771323919361593,
    "sentiment_f1_weighted": 0.8408708097306248,
    "sentiment_f1_weighted_std": 0.002939062658011358,
    "sentiment_f1_samples": 0.804778565737041,
    "sentiment_f1_samples_std": 0.0030052953670088615,
    "sentiment_auc_roc": 0.883691492662335,
    "sentiment_auc_roc_std": 0.004891826043890484,
    "sentiment_auc_pr": 0.8675357332994643,
    "sentiment_auc_pr_std": 0.004679745797662821,
    "combined_f1": 0.8730430820354055,
    "combined_f1_std": 0.0017187335872483822
  },
  "fold_results": [
    {
      "mention_precision_macro": 0.9419209983359658,
      "mention_recall_macro": 0.9401810954561802,
      "mention_f1_macro": 0.9406919665124786,
      "mention_f1_micro": 0.9408433668700863,
      "mention_f1_weighted": 0.9407850472546423,
      "mention_auc_roc": 0.9834783498570084,
      "mention_auc_pr": 0.9839249262320718,
      "sentiment_precision_macro": 0.9142207046034865,
      "sentiment_recall_macro": 0.650780500176848,
      "sentiment_f1_macro": 0.7302436181587426,
      "sentiment_f1_micro": 0.8546511627906976,
      "sentiment_f1_weighted": 0.8395704309061891,
      "sentiment_f1_samples": 0.8030526554698139,
      "sentiment_auc_roc": 0.8745559086495601,
      "sentiment_auc_pr": 0.8585898021591799,
      "combined_f1": 0.8718723109911461
    },
    {
      "mention_precision_macro": 0.941921723401316,
      "mention_recall_macro": 0.9402172522438069,
      "mention_f1_macro": 0.9407400749507538,
      "mention_f1_micro": 0.9408983451536643,
      "mention_f1_weighted": 0.9408412668570828,
      "mention_auc_roc": 0.9833675544177577,
      "mention_auc_pr": 0.9829028636039038,
      "sentiment_precision_macro": 0.9180333678548935,
      "sentiment_recall_macro": 0.6607684221679723,
      "sentiment_f1_macro": 0.744403246930442,
      "sentiment_f1_micro": 0.8574588823699144,
      "sentiment_f1_weighted": 0.8446885831251336,
      "sentiment_f1_samples": 0.8072549465544688,
      "sentiment_auc_roc": 0.885237832673731,
      "sentiment_auc_pr": 0.8716819054030074,
      "combined_f1": 0.8739975107526113
    },
    {
      "mention_precision_macro": 0.943475773825416,
      "mention_recall_macro": 0.9423494766099785,
      "mention_f1_macro": 0.9426340929512702,
      "mention_f1_micro": 0.9427126285117379,
      "mention_f1_weighted": 0.9426762197526503,
      "mention_auc_roc": 0.9842913325112621,
      "mention_auc_pr": 0.9851104415635632,
      "sentiment_precision_macro": 0.9238408520240776,
      "sentiment_recall_macro": 0.6507984733238233,
      "sentiment_f1_macro": 0.7334651621997951,
      "sentiment_f1_micro": 0.8581160997303307,
      "sentiment_f1_weighted": 0.843571213926935,
      "sentiment_f1_samples": 0.809363547976965,
      "sentiment_auc_roc": 0.8886951638357785,
      "sentiment_auc_pr": 0.8708539556638878,
      "combined_f1": 0.8759988204641176
    },
    {
      "mention_precision_macro": 0.9416352928203775,
      "mention_recall_macro": 0.940037009768082,
      "mention_f1_macro": 0.9405964173909821,
      "mention_f1_micro": 0.9407883885865084,
      "mention_f1_weighted": 0.940734733194335,
      "mention_auc_roc": 0.983164717992262,
      "mention_auc_pr": 0.9826497404275217,
      "sentiment_precision_macro": 0.9111410443895394,
      "sentiment_recall_macro": 0.6514064424655526,
      "sentiment_f1_macro": 0.7332895052885626,
      "sentiment_f1_micro": 0.8536973614393902,
      "sentiment_f1_weighted": 0.8399967263251432,
      "sentiment_f1_samples": 0.8027401972024764,
      "sentiment_auc_roc": 0.8866305519724055,
      "sentiment_auc_pr": 0.8679835840197875,
      "combined_f1": 0.8716683072967293
    },
    {
      "mention_precision_macro": 0.9432471563114893,
      "mention_recall_macro": 0.94127349882608,
      "mention_f1_macro": 0.9418754398633651,
      "mention_f1_micro": 0.942052889108802,
      "mention_f1_weighted": 0.9419882658015085,
      "mention_auc_roc": 0.9853181749676333,
      "mention_auc_pr": 0.9856684011646679,
      "sentiment_precision_macro": 0.9151849757558977,
      "sentiment_recall_macro": 0.6500014977395,
      "sentiment_f1_macro": 0.7341280477987295,
      "sentiment_f1_micro": 0.8507238657822108,
      "sentiment_f1_weighted": 0.8365270943697228,
      "sentiment_f1_samples": 0.8014814814814815,
      "sentiment_auc_roc": 0.8833380061801996,
      "sentiment_auc_pr": 0.8685694192514589,
      "combined_f1": 0.8716784606724233
    }
  ],
  "timestamp": "2026-04-28T11:11:28.510801"
}