{
  "model": "LogisticRegressionABSA",
  "n_folds": 5,
  "best_fold": 1,
  "best_combined_f1": 0.7248929965864557,
  "avg_metrics": {
    "mention_precision_macro": 0.8743353280499401,
    "mention_precision_macro_std": 0.0034421337753580356,
    "mention_recall_macro": 0.8215413096009063,
    "mention_recall_macro_std": 0.003924437749511948,
    "mention_f1_macro": 0.8427236538322086,
    "mention_f1_macro_std": 0.0035487138498579663,
    "mention_f1_micro": 0.8858635910484974,
    "mention_f1_micro_std": 0.0022707367644147006,
    "mention_f1_weighted": 0.8815478674296633,
    "mention_f1_weighted_std": 0.002460079091349864,
    "mention_auc_roc": 0.9425602016158399,
    "mention_auc_roc_std": 0.0031151832174960044,
    "mention_auc_pr": 0.8688684520598233,
    "mention_auc_pr_std": 0.005738291695183232,
    "sentiment_precision_macro": 0.8662587097838845,
    "sentiment_precision_macro_std": 0.007646020282391804,
    "sentiment_recall_macro": 0.44604291015839703,
    "sentiment_recall_macro_std": 0.002786657386372602,
    "sentiment_f1_macro": 0.5317476155082127,
    "sentiment_f1_macro_std": 0.006625076293193607,
    "sentiment_f1_micro": 0.7152727821600886,
    "sentiment_f1_micro_std": 0.00616256367933657,
    "sentiment_f1_weighted": 0.6947284144198717,
    "sentiment_f1_weighted_std": 0.007486720769691555,
    "sentiment_f1_samples": 0.5928147127396833,
    "sentiment_f1_samples_std": 0.008141899531294856,
    "sentiment_auc_roc": 0.6342049459985252,
    "sentiment_auc_roc_std": 0.004863179042965909,
    "sentiment_auc_pr": 0.6241775908443137,
    "sentiment_auc_pr_std": 0.006215335637596055,
    "combined_f1": 0.7177691832859459,
    "combined_f1_std": 0.005321884223531449
  },
  "fold_results": [
    {
      "mention_precision_macro": 0.8726955841735716,
      "mention_recall_macro": 0.8234312702917137,
      "mention_f1_macro": 0.843564445373215,
      "mention_f1_micro": 0.8868064852000594,
      "mention_f1_weighted": 0.8828142221870001,
      "mention_auc_roc": 0.9442801432252605,
      "mention_auc_pr": 0.8686118774625851,
      "sentiment_precision_macro": 0.8728451218673784,
      "sentiment_recall_macro": 0.44903717684440164,
      "sentiment_f1_macro": 0.5413501477871513,
      "sentiment_f1_micro": 0.7245003090871626,
      "sentiment_f1_weighted": 0.7064751061996816,
      "sentiment_f1_samples": 0.6062215477996965,
      "sentiment_auc_roc": 0.6360527261238933,
      "sentiment_auc_pr": 0.6293302332104038,
      "combined_f1": 0.7248929965864557
    },
    {
      "mention_precision_macro": 0.876194553388941,
      "mention_recall_macro": 0.8178442467079724,
      "mention_f1_macro": 0.8407707775732418,
      "mention_f1_micro": 0.8854182160741733,
      "mention_f1_weighted": 0.8806232149542698,
      "mention_auc_roc": 0.9398593535702735,
      "mention_auc_pr": 0.8667707289713773,
      "sentiment_precision_macro": 0.8644447438828097,
      "sentiment_recall_macro": 0.4439318853272362,
      "sentiment_f1_macro": 0.5243567086589045,
      "sentiment_f1_micro": 0.7166339294944691,
      "sentiment_f1_weighted": 0.6929678013758211,
      "sentiment_f1_samples": 0.5899460950231916,
      "sentiment_auc_roc": 0.629516577182385,
      "sentiment_auc_pr": 0.6162689229067994,
      "combined_f1": 0.7153584362982167
    },
    {
      "mention_precision_macro": 0.8761410435779567,
      "mention_recall_macro": 0.825002360797912,
      "mention_f1_macro": 0.8456591073741049,
      "mention_f1_micro": 0.8871527777777778,
      "mention_f1_weighted": 0.883052236160348,
      "mention_auc_roc": 0.9444032154697106,
      "mention_auc_pr": 0.8738359915582478,
      "sentiment_precision_macro": 0.8526586404925002,
      "sentiment_recall_macro": 0.44965507008875183,
      "sentiment_f1_macro": 0.5374383601960403,
      "sentiment_f1_micro": 0.7092027013405907,
      "sentiment_f1_weighted": 0.690290746841271,
      "sentiment_f1_samples": 0.5896958410924892,
      "sentiment_auc_roc": 0.6415449914733833,
      "sentiment_auc_pr": 0.6330766714824249,
      "combined_f1": 0.717677474233297
    },
    {
      "mention_precision_macro": 0.8782107059151578,
      "mention_recall_macro": 0.8255319685356999,
      "mention_f1_macro": 0.8467194621309804,
      "mention_f1_micro": 0.8882440476190476,
      "mention_f1_weighted": 0.8840769468357697,
      "mention_auc_roc": 0.9462825042860025,
      "mention_auc_pr": 0.8756884146963992,
      "sentiment_precision_macro": 0.8739673267015452,
      "sentiment_recall_macro": 0.4448566281634969,
      "sentiment_f1_macro": 0.5299196058298137,
      "sentiment_f1_micro": 0.7182970096300051,
      "sentiment_f1_weighted": 0.6991682606373811,
      "sentiment_f1_samples": 0.5963930348258707,
      "sentiment_auc_roc": 0.635753811768994,
      "sentiment_auc_pr": 0.6228371084521181,
      "combined_f1": 0.7215562484784255
    },
    {
      "mention_precision_macro": 0.8684347531940729,
      "mention_recall_macro": 0.8158967016712336,
      "mention_f1_macro": 0.8369044767095013,
      "mention_f1_micro": 0.8816964285714286,
      "mention_f1_weighted": 0.8771727170109291,
      "mention_auc_roc": 0.937975791527952,
      "mention_auc_pr": 0.8594352476105072,
      "sentiment_precision_macro": 0.8673777159751891,
      "sentiment_recall_macro": 0.4427337903680985,
      "sentiment_f1_macro": 0.5256732550691531,
      "sentiment_f1_micro": 0.7077299612482154,
      "sentiment_f1_weighted": 0.684740157045203,
      "sentiment_f1_samples": 0.5818170449571687,
      "sentiment_auc_roc": 0.6281566234439703,
      "sentiment_auc_pr": 0.6193750181698222,
      "combined_f1": 0.709360760833335
    }
  ],
  "timestamp": "2026-05-05T17:31:18.184719"
}