{
  "model": "PhoBERTForABSAMultiPolarity",
  "n_folds": 5,
  "best_fold": 3,
  "best_combined_f1": 0.8982812656181269,
  "avg_metrics": {
    "mention_precision_macro": 0.8740277137614235,
    "mention_precision_macro_std": 0.002524584729526717,
    "mention_recall_macro": 0.8876615727967622,
    "mention_recall_macro_std": 0.0030181240915928384,
    "mention_f1_macro": 0.8804286831111371,
    "mention_f1_macro_std": 0.002214316311964377,
    "mention_f1_micro": 0.9052648070235085,
    "mention_f1_micro_std": 0.0017475563887985276,
    "mention_f1_weighted": 0.9061127511872801,
    "mention_f1_weighted_std": 0.0017114438307908187,
    "mention_auc_roc": 0.9470318225383242,
    "mention_auc_roc_std": 0.0027578376772305186,
    "mention_auc_pr": 0.8845452752927507,
    "mention_auc_pr_std": 0.005977755460798876,
    "sentiment_precision_macro": 0.8260665841766833,
    "sentiment_precision_macro_std": 0.010438095670296315,
    "sentiment_recall_macro": 0.8414573056118515,
    "sentiment_recall_macro_std": 0.010782330804122685,
    "sentiment_f1_macro": 0.8331156529893985,
    "sentiment_f1_macro_std": 0.007266702229363797,
    "sentiment_f1_micro": 0.8956412485814651,
    "sentiment_f1_micro_std": 0.004628214054143787,
    "sentiment_f1_weighted": 0.8951481656320819,
    "sentiment_f1_weighted_std": 0.004218139371682462,
    "sentiment_f1_samples": 0.9014355858343098,
    "sentiment_f1_samples_std": 0.004509394326651417,
    "sentiment_auc_roc": 0.9523221585142737,
    "sentiment_auc_roc_std": 0.0036442173863398377,
    "sentiment_auc_pr": 0.879266381650238,
    "sentiment_auc_pr_std": 0.011958449532043268,
    "combined_score": 0.8952728734627714,
    "combined_score_std": 0.0028302436185190104,
    "combined_f1": 0.8952728734627714,
    "combined_f1_std": 0.0028302436185190104
  },
  "fold_results": [
    {
      "mention_precision_macro": 0.8730250173326619,
      "mention_recall_macro": 0.8897531957682511,
      "mention_f1_macro": 0.8808076006803138,
      "mention_f1_micro": 0.9058456046407853,
      "mention_f1_weighted": 0.9068775691051884,
      "mention_auc_roc": 0.9470800852245611,
      "mention_auc_pr": 0.8807949013901246,
      "sentiment_precision_macro": 0.8311636212735749,
      "sentiment_recall_macro": 0.822409962330461,
      "sentiment_f1_macro": 0.8252684902719659,
      "sentiment_f1_micro": 0.9039353840866128,
      "sentiment_f1_weighted": 0.902605391138926,
      "sentiment_f1_samples": 0.9101542741527568,
      "sentiment_auc_roc": 0.9557829683294293,
      "sentiment_auc_pr": 0.8713080997384538,
      "combined_score": 0.8952684023921372,
      "combined_f1": 0.8952684023921372
    },
    {
      "mention_precision_macro": 0.8767265390010799,
      "mention_recall_macro": 0.8839679489953723,
      "mention_f1_macro": 0.8802403476759093,
      "mention_f1_micro": 0.9060935098418365,
      "mention_f1_weighted": 0.9065404431756195,
      "mention_auc_roc": 0.9459744721599479,
      "mention_auc_pr": 0.8853184223252537,
      "sentiment_precision_macro": 0.806302440891051,
      "sentiment_recall_macro": 0.8421784800709915,
      "sentiment_f1_macro": 0.8238157663609359,
      "sentiment_f1_micro": 0.8911042944785276,
      "sentiment_f1_weighted": 0.8909466375515107,
      "sentiment_f1_samples": 0.8975805440641845,
      "sentiment_auc_roc": 0.9453737585165397,
      "sentiment_auc_pr": 0.8604426132670664,
      "combined_score": 0.8901161578548669,
      "combined_f1": 0.8901161578548669
    },
    {
      "mention_precision_macro": 0.8730520473765928,
      "mention_recall_macro": 0.8882084754533677,
      "mention_f1_macro": 0.8801352593427965,
      "mention_f1_micro": 0.9043650793650794,
      "mention_f1_weighted": 0.905316736020853,
      "mention_auc_roc": 0.9492602455481647,
      "mention_auc_pr": 0.8920609901542274,
      "sentiment_precision_macro": 0.8367807819949303,
      "sentiment_recall_macro": 0.8407045425329143,
      "sentiment_f1_macro": 0.837941666052711,
      "sentiment_f1_micro": 0.8953086835677588,
      "sentiment_f1_weighted": 0.8943388741825302,
      "sentiment_f1_samples": 0.9005896958410924,
      "sentiment_auc_roc": 0.9545585332894916,
      "sentiment_auc_pr": 0.8912912110977954,
      "combined_score": 0.8982812656181269,
      "combined_f1": 0.8982812656181269
    },
    {
      "mention_precision_macro": 0.8770116658965474,
      "mention_recall_macro": 0.8918409640984268,
      "mention_f1_macro": 0.8839618814325723,
      "mention_f1_micro": 0.9075892857142858,
      "mention_f1_weighted": 0.9084801507982284,
      "mention_auc_roc": 0.9503717602864059,
      "mention_auc_pr": 0.8892481125680912,
      "sentiment_precision_macro": 0.8263755129576399,
      "sentiment_recall_macro": 0.8467894900369267,
      "sentiment_f1_macro": 0.8363809524161993,
      "sentiment_f1_micro": 0.8963528413910093,
      "sentiment_f1_weighted": 0.8963798602557558,
      "sentiment_f1_samples": 0.9004291044776119,
      "sentiment_auc_roc": 0.9525235065355178,
      "sentiment_auc_pr": 0.8819615231614146,
      "combined_score": 0.8973720056263856,
      "combined_f1": 0.8973720056263856
    },
    {
      "mention_precision_macro": 0.8703232992002357,
      "mention_recall_macro": 0.8845372796683922,
      "mention_f1_macro": 0.8769983264240935,
      "mention_f1_micro": 0.9024305555555555,
      "mention_f1_weighted": 0.9033488568365104,
      "mention_auc_roc": 0.9424725494725408,
      "mention_auc_pr": 0.8753039500260569,
      "sentiment_precision_macro": 0.8297105637662208,
      "sentiment_recall_macro": 0.8552040530879635,
      "sentiment_f1_macro": 0.8421713898451797,
      "sentiment_f1_micro": 0.8915050393834166,
      "sentiment_f1_weighted": 0.8914700650316865,
      "sentiment_f1_samples": 0.8984243106359032,
      "sentiment_auc_roc": 0.95337202590039,
      "sentiment_auc_pr": 0.8913284609864592,
      "combined_score": 0.8953265358223405,
      "combined_f1": 0.8953265358223405
    }
  ],
  "timestamp": "2026-05-09T02:06:15.791218"
}