{
  "model": "PhoBERTForABSAMultiPolarity",
  "n_folds": 5,
  "best_fold": 3,
  "best_combined_f1": 0.9046886408341416,
  "avg_metrics": {
    "mention_precision_macro": 0.985145978753064,
    "mention_precision_macro_std": 0.0016833110841866763,
    "mention_recall_macro": 0.9850718058339437,
    "mention_recall_macro_std": 0.0017045024908741134,
    "mention_f1_macro": 0.9851056231729526,
    "mention_f1_macro_std": 0.0016945273288197075,
    "mention_f1_micro": 0.9851228764637968,
    "mention_f1_micro_std": 0.0016908302745678935,
    "mention_f1_weighted": 0.9851222881994456,
    "mention_f1_weighted_std": 0.0016910793657004069,
    "mention_auc_roc": 0.9961714453268513,
    "mention_auc_roc_std": 0.0006134464788170253,
    "mention_auc_pr": 0.9968712810806635,
    "mention_auc_pr_std": 0.0004521540949011361,
    "sentiment_precision_macro": 0.9097693458487941,
    "sentiment_precision_macro_std": 0.0057889648774728944,
    "sentiment_recall_macro": 0.6685516454295339,
    "sentiment_recall_macro_std": 0.008578495660885843,
    "sentiment_f1_macro": 0.7386558275989874,
    "sentiment_f1_macro_std": 0.009082669076374703,
    "sentiment_f1_micro": 0.8709044754941182,
    "sentiment_f1_micro_std": 0.00480808320618657,
    "sentiment_f1_weighted": 0.8561063606987727,
    "sentiment_f1_weighted_std": 0.005678651129340876,
    "sentiment_f1_samples": 0.812103909471702,
    "sentiment_f1_samples_std": 0.007094165163598565,
    "sentiment_auc_roc": 0.9455628219665165,
    "sentiment_auc_roc_std": 0.0018500501682941841,
    "sentiment_auc_pr": 0.8833293123334558,
    "sentiment_auc_pr_std": 0.0033168187405470456,
    "combined_f1": 0.8986047663223273,
    "combined_f1_std": 0.003810320732803912
  },
  "fold_results": [
    {
      "mention_precision_macro": 0.9826427191997806,
      "mention_recall_macro": 0.9824747086183726,
      "mention_f1_macro": 0.9825521313551291,
      "mention_f1_micro": 0.9825718841057782,
      "mention_f1_weighted": 0.9825703671461695,
      "mention_auc_roc": 0.9955297477225133,
      "mention_auc_pr": 0.9962592909635568,
      "sentiment_precision_macro": 0.9059508118983298,
      "sentiment_recall_macro": 0.6727069703945449,
      "sentiment_f1_macro": 0.7409144827438897,
      "sentiment_f1_micro": 0.8712992645672261,
      "sentiment_f1_weighted": 0.8566131837047958,
      "sentiment_f1_samples": 0.8123581479800271,
      "sentiment_auc_roc": 0.9454173523407627,
      "sentiment_auc_pr": 0.8861758396232773,
      "combined_f1": 0.8974551396675781
    },
    {
      "mention_precision_macro": 0.9858860081847618,
      "mention_recall_macro": 0.9858242224033199,
      "mention_f1_macro": 0.9858542511557081,
      "mention_f1_micro": 0.9858705811204574,
      "mention_f1_weighted": 0.9858701319143073,
      "mention_auc_roc": 0.9965163363718766,
      "mention_auc_pr": 0.997157197275393,
      "sentiment_precision_macro": 0.9109264134961709,
      "sentiment_recall_macro": 0.6762767672430661,
      "sentiment_f1_macro": 0.7493385411761658,
      "sentiment_f1_micro": 0.8732635585156994,
      "sentiment_f1_weighted": 0.859917571092195,
      "sentiment_f1_samples": 0.8152907285270259,
      "sentiment_auc_roc": 0.9468804001272947,
      "sentiment_auc_pr": 0.8822339417095281,
      "combined_f1": 0.900572489841367
    },
    {
      "mention_precision_macro": 0.9861028270058632,
      "mention_recall_macro": 0.9859710670455692,
      "mention_f1_macro": 0.9860282427033591,
      "mention_f1_micro": 0.9860355159711914,
      "mention_f1_weighted": 0.9860345695700758,
      "mention_auc_roc": 0.9956586658861223,
      "mention_auc_pr": 0.9966929667225982,
      "sentiment_precision_macro": 0.9148260292878464,
      "sentiment_recall_macro": 0.6770560833091012,
      "sentiment_f1_macro": 0.7469107494004111,
      "sentiment_f1_micro": 0.8783222009435284,
      "sentiment_f1_weighted": 0.8642279208696739,
      "sentiment_f1_samples": 0.8233490389649241,
      "sentiment_auc_roc": 0.9479733534775873,
      "sentiment_auc_pr": 0.8875094096453288,
      "combined_f1": 0.9046886408341416
    },
    {
      "mention_precision_macro": 0.9838008784299994,
      "mention_recall_macro": 0.9838182450936207,
      "mention_f1_macro": 0.9838095139480791,
      "mention_f1_micro": 0.9838363846280719,
      "mention_f1_weighted": 0.983836529678976,
      "mention_auc_roc": 0.9959597159173249,
      "mention_auc_pr": 0.9966724004627691,
      "sentiment_precision_macro": 0.9164203672480292,
      "sentiment_recall_macro": 0.6560234503833895,
      "sentiment_f1_macro": 0.7275742594411003,
      "sentiment_f1_micro": 0.8670664427920365,
      "sentiment_f1_weighted": 0.8511359068037182,
      "sentiment_f1_samples": 0.8028739585721929,
      "sentiment_auc_roc": 0.9425209145837771,
      "sentiment_auc_pr": 0.8780570885048924,
      "combined_f1": 0.893341736260136
    },
    {
      "mention_precision_macro": 0.987297460944915,
      "mention_recall_macro": 0.9872707860088357,
      "mention_f1_macro": 0.9872839767024878,
      "mention_f1_micro": 0.9873000164934851,
      "mention_f1_weighted": 0.9872998426877001,
      "mention_auc_roc": 0.997192760736419,
      "mention_auc_pr": 0.9975745499790005,
      "sentiment_precision_macro": 0.9007231073135934,
      "sentiment_recall_macro": 0.6606949558175678,
      "sentiment_f1_macro": 0.7285411052333699,
      "sentiment_f1_micro": 0.8645709106521013,
      "sentiment_f1_weighted": 0.8486372210234804,
      "sentiment_f1_samples": 0.80664767331434,
      "sentiment_auc_roc": 0.9450220893031602,
      "sentiment_auc_pr": 0.8826702821842526,
      "combined_f1": 0.8969658250084138
    }
  ],
  "timestamp": "2026-04-28T12:40:53.191799"
}