{
  "model": "PhoBERTForABSAMultiPolarity",
  "n_folds": 5,
  "best_fold": 4,
  "best_combined_f1": 0.8905371106464783,
  "avg_metrics": {
    "mention_precision_macro": 0.8640485606196746,
    "mention_precision_macro_std": 0.004609339080713206,
    "mention_recall_macro": 0.8829267070941018,
    "mention_recall_macro_std": 0.004791596659208449,
    "mention_f1_macro": 0.872674070876571,
    "mention_f1_macro_std": 0.004452889983563659,
    "mention_f1_micro": 0.8983318945977915,
    "mention_f1_micro_std": 0.0033282770733831634,
    "mention_f1_weighted": 0.8996167475561732,
    "mention_f1_weighted_std": 0.0032632011217806644,
    "mention_auc_roc": 0.9473694182973308,
    "mention_auc_roc_std": 0.003421831759909369,
    "mention_auc_pr": 0.8855652363795603,
    "mention_auc_pr_std": 0.006451050395837758,
    "sentiment_precision_macro": 0.8064329931220007,
    "sentiment_precision_macro_std": 0.0094288331912093,
    "sentiment_recall_macro": 0.8404415687077245,
    "sentiment_recall_macro_std": 0.011952115829184675,
    "sentiment_f1_macro": 0.82279307160162,
    "sentiment_f1_macro_std": 0.010185208879677566,
    "sentiment_f1_micro": 0.8894383291896656,
    "sentiment_f1_micro_std": 0.00360713829591691,
    "sentiment_f1_weighted": 0.8897635562175253,
    "sentiment_f1_weighted_std": 0.004205196740648561,
    "sentiment_f1_samples": 0.8963877882224442,
    "sentiment_f1_samples_std": 0.004082006535872311,
    "sentiment_auc_roc": 0.9528972319562342,
    "sentiment_auc_roc_std": 0.0037998364047996027,
    "sentiment_auc_pr": 0.879153615891649,
    "sentiment_auc_pr_std": 0.01339511637525453,
    "combined_f1": 0.8845309295495077,
    "combined_f1_std": 0.0037287608645693573
  },
  "fold_results": [
    {
      "mention_precision_macro": 0.8591778739492815,
      "mention_recall_macro": 0.8833249568127037,
      "mention_f1_macro": 0.8699450248836421,
      "mention_f1_micro": 0.8960781397193713,
      "mention_f1_weighted": 0.8977661984588986,
      "mention_auc_roc": 0.9491793446002459,
      "mention_auc_pr": 0.8839123810856007,
      "sentiment_precision_macro": 0.7921028390752666,
      "sentiment_recall_macro": 0.8322946731520192,
      "sentiment_f1_macro": 0.8111553011342233,
      "sentiment_f1_micro": 0.8899373766835378,
      "sentiment_f1_weighted": 0.8911268990784691,
      "sentiment_f1_samples": 0.8977301466868993,
      "sentiment_auc_roc": 0.9552060079048182,
      "sentiment_auc_pr": 0.8685112233661324,
      "combined_f1": 0.8838375857852707
    },
    {
      "mention_precision_macro": 0.8641492752477175,
      "mention_recall_macro": 0.879009309954119,
      "mention_f1_macro": 0.8710977996404776,
      "mention_f1_micro": 0.8978134761267291,
      "mention_f1_weighted": 0.8988347353781639,
      "mention_auc_roc": 0.9452308944035259,
      "mention_auc_pr": 0.8827647579137818,
      "sentiment_precision_macro": 0.8002499250187142,
      "sentiment_recall_macro": 0.8211505121037606,
      "sentiment_f1_macro": 0.810081548436909,
      "sentiment_f1_micro": 0.8832920686416802,
      "sentiment_f1_weighted": 0.8822937587783175,
      "sentiment_f1_samples": 0.889150056412185,
      "sentiment_auc_roc": 0.9454732641532296,
      "sentiment_auc_pr": 0.8582339343191069,
      "combined_f1": 0.8801239280263313
    },
    {
      "mention_precision_macro": 0.8670857377107468,
      "mention_recall_macro": 0.8867238168625184,
      "mention_f1_macro": 0.8760430109042214,
      "mention_f1_micro": 0.9004464285714285,
      "mention_f1_weighted": 0.9017423059768979,
      "mention_auc_roc": 0.9501942716340372,
      "mention_auc_pr": 0.8934258110372288,
      "sentiment_precision_macro": 0.817872271298547,
      "sentiment_recall_macro": 0.8468982063609225,
      "sentiment_f1_macro": 0.8320467137574613,
      "sentiment_f1_micro": 0.8917412599223105,
      "sentiment_f1_weighted": 0.8921688669370911,
      "sentiment_f1_samples": 0.8972377405338298,
      "sentiment_auc_roc": 0.9558712031947151,
      "sentiment_auc_pr": 0.8889404574610449,
      "combined_f1": 0.8866403757190255
    },
    {
      "mention_precision_macro": 0.8709053907956026,
      "mention_recall_macro": 0.8893006252521178,
      "mention_f1_macro": 0.8793640222879815,
      "mention_f1_micro": 0.903422619047619,
      "mention_f1_weighted": 0.904590408316081,
      "mention_auc_roc": 0.950571015278338,
      "mention_auc_pr": 0.8919211558235134,
      "sentiment_precision_macro": 0.807168286811725,
      "sentiment_recall_macro": 0.8482909532673619,
      "sentiment_f1_macro": 0.8270165449893162,
      "sentiment_f1_micro": 0.8939508985067072,
      "sentiment_f1_weighted": 0.8946246985255134,
      "sentiment_f1_samples": 0.9017101990049751,
      "sentiment_auc_roc": 0.953415066810237,
      "sentiment_auc_pr": 0.8874538131692096,
      "combined_f1": 0.8905371106464783
    },
    {
      "mention_precision_macro": 0.8589245253950247,
      "mention_recall_macro": 0.8762748265890503,
      "mention_f1_macro": 0.8669204966665331,
      "mention_f1_micro": 0.8938988095238095,
      "mention_f1_weighted": 0.8951500896508244,
      "mention_auc_roc": 0.9416715655705075,
      "mention_auc_pr": 0.8758020760376766,
      "sentiment_precision_macro": 0.8147716434057507,
      "sentiment_recall_macro": 0.8535734986545584,
      "sentiment_f1_macro": 0.8336652496901898,
      "sentiment_f1_micro": 0.8882700421940928,
      "sentiment_f1_weighted": 0.8886035577682355,
      "sentiment_f1_samples": 0.8961107984743324,
      "sentiment_auc_roc": 0.9545206177181718,
      "sentiment_auc_pr": 0.8926286511427514,
      "combined_f1": 0.8815156475704328
    }
  ],
  "timestamp": "2026-05-05T02:37:02.507847"
}