{"thresholds_m": [0.44999998807907104, 0.3499999940395355, 0.4000000059604645, 0.30000001192092896, 0.25, 0.20000000298023224, 0.25, 0.3499999940395355, 0.25], "thresholds_s": [[0.30000001192092896, 0.44999998807907104, 0.20000000298023224], [0.3499999940395355, 0.44999998807907104, 0.10000000149011612], [0.5, 0.30000001192092896, 0.10000000149011612], [0.25, 0.5, 0.15000000596046448], [0.3499999940395355, 0.44999998807907104, 0.10000000149011612], [0.3499999940395355, 0.5, 0.10000000149011612], [0.5, 0.30000001192092896, 0.10000000149011612], [0.5, 0.30000001192092896, 0.10000000149011612], [0.3499999940395355, 0.3499999940395355, 0.10000000149011612]]}