{
  "model": "XLMRoBERTaForABSA",
  "n_folds": 5,
  "best_fold": 4,
  "best_combined_f1": 0.8348163183033196,
  "avg_metrics": {
    "mention_precision_macro": 0.8519510416545902,
    "mention_precision_macro_std": 0.003759987324834534,
    "mention_recall_macro": 0.8469051428817478,
    "mention_recall_macro_std": 0.0035615929581580934,
    "mention_f1_macro": 0.8488743666642972,
    "mention_f1_macro_std": 0.0036644493421575854,
    "mention_f1_micro": 0.8519984606080598,
    "mention_f1_micro_std": 0.003934386719646091,
    "mention_f1_weighted": 0.8514650646553775,
    "mention_f1_weighted_std": 0.003933137312464565,
    "mention_auc_roc": 0.9231862975294731,
    "mention_auc_roc_std": 0.0028869482708670977,
    "mention_auc_pr": 0.9247480368203593,
    "mention_auc_pr_std": 0.004914745840848193,
    "sentiment_precision_macro": 0.9143716720123217,
    "sentiment_precision_macro_std": 0.003439660874448647,
    "sentiment_recall_macro": 0.7953912638029011,
    "sentiment_recall_macro_std": 0.0024907380624183623,
    "sentiment_f1_macro": 0.8499894204838785,
    "sentiment_f1_macro_std": 0.0015657597949937177,
    "sentiment_f1_micro": 0.8699290346047459,
    "sentiment_f1_micro_std": 0.0019527245243989243,
    "sentiment_f1_weighted": 0.869407904870862,
    "sentiment_f1_weighted_std": 0.0016812024886498438,
    "sentiment_f1_samples": 0.8097701054360101,
    "sentiment_f1_samples_std": 0.003715012130177278,
    "sentiment_auc_roc": 0.9677012039339272,
    "sentiment_auc_roc_std": 0.0007051474575883005,
    "sentiment_auc_pr": 0.930765439740826,
    "sentiment_auc_pr_std": 0.002521772632741703,
    "combined_f1": 0.8293222360501536,
    "combined_f1_std": 0.003338803730323081
  },
  "fold_results": [
    {
      "mention_precision_macro": 0.8539999052370668,
      "mention_recall_macro": 0.8486668776500456,
      "mention_f1_macro": 0.8507893400550453,
      "mention_f1_micro": 0.8541975919511793,
      "mention_f1_weighted": 0.8536446343863645,
      "mention_auc_roc": 0.9270816302442233,
      "mention_auc_pr": 0.931280485147488,
      "sentiment_precision_macro": 0.9115266317331115,
      "sentiment_recall_macro": 0.7973658946405244,
      "sentiment_f1_macro": 0.8500869891271091,
      "sentiment_f1_micro": 0.8676249286492658,
      "sentiment_f1_weighted": 0.8673822866513189,
      "sentiment_f1_samples": 0.8059405296375822,
      "sentiment_auc_roc": 0.9688871988515387,
      "sentiment_auc_pr": 0.9290677060777512,
      "combined_f1": 0.8283649348463138
    },
    {
      "mention_precision_macro": 0.8460564561622279,
      "mention_recall_macro": 0.8423610051769417,
      "mention_f1_macro": 0.8438472793394513,
      "mention_f1_micro": 0.8465006322502612,
      "mention_f1_weighted": 0.8460888086015147,
      "mention_auc_roc": 0.9203266031492456,
      "mention_auc_pr": 0.9202807670708055,
      "sentiment_precision_macro": 0.917364406660007,
      "sentiment_recall_macro": 0.7943927174224933,
      "sentiment_f1_macro": 0.8507906846930195,
      "sentiment_f1_micro": 0.8681695792196822,
      "sentiment_f1_weighted": 0.8677771513143715,
      "sentiment_f1_samples": 0.8053024300052826,
      "sentiment_auc_roc": 0.967206605622006,
      "sentiment_auc_pr": 0.9315142218700502,
      "combined_f1": 0.8245748546723669
    },
    {
      "mention_precision_macro": 0.8522483909607137,
      "mention_recall_macro": 0.8463912734264947,
      "mention_f1_macro": 0.8486103773886895,
      "mention_f1_micro": 0.8518335257573258,
      "mention_f1_weighted": 0.8512129421791899,
      "mention_auc_roc": 0.9236097949655806,
      "mention_auc_pr": 0.9272621280450288,
      "sentiment_precision_macro": 0.9106718362069982,
      "sentiment_recall_macro": 0.7925302941431108,
      "sentiment_f1_macro": 0.8470114751490477,
      "sentiment_f1_micro": 0.8710568851347829,
      "sentiment_f1_weighted": 0.8706316596908267,
      "sentiment_f1_samples": 0.8122827726408288,
      "sentiment_auc_roc": 0.96691069611445,
      "sentiment_auc_pr": 0.92728177982589,
      "combined_f1": 0.8304465750147592
    },
    {
      "mention_precision_macro": 0.8572861023315932,
      "mention_recall_macro": 0.8526748720625403,
      "mention_f1_macro": 0.8545894201358224,
      "mention_f1_micro": 0.8579910935180604,
      "mention_f1_weighted": 0.8575301190877571,
      "mention_auc_roc": 0.9253788003148852,
      "mention_auc_pr": 0.9270047599447315,
      "sentiment_precision_macro": 0.9194724968881415,
      "sentiment_recall_macro": 0.793491077765807,
      "sentiment_f1_macro": 0.8504918724845258,
      "sentiment_f1_micro": 0.872990601407221,
      "sentiment_f1_weighted": 0.8718311379983665,
      "sentiment_f1_samples": 0.8150432164708168,
      "sentiment_auc_roc": 0.9680710243694836,
      "sentiment_auc_pr": 0.9347697336164039,
      "combined_f1": 0.8348163183033196
    },
    {
      "mention_precision_macro": 0.8501643535813499,
      "mention_recall_macro": 0.8444316860927163,
      "mention_f1_macro": 0.8465354164024772,
      "mention_f1_micro": 0.8494694595634724,
      "mention_f1_weighted": 0.8488488190220611,
      "mention_auc_roc": 0.9195346589734307,
      "mention_auc_pr": 0.9179120438937427,
      "sentiment_precision_macro": 0.9128229885733502,
      "sentiment_recall_macro": 0.7991763350425704,
      "sentiment_f1_macro": 0.8515660809656902,
      "sentiment_f1_micro": 0.8698031786127776,
      "sentiment_f1_weighted": 0.8694172886994269,
      "sentiment_f1_samples": 0.8102815784255404,
      "sentiment_auc_roc": 0.967430494712158,
      "sentiment_auc_pr": 0.931193757314035,
      "combined_f1": 0.8284084974140088
    }
  ],
  "timestamp": "2026-05-02T22:44:28.656282"
}