{
  "model": "BiLSTMForABSA",
  "n_folds": 5,
  "best_fold": 1,
  "best_combined_f1": 0.7988624694691746,
  "avg_metrics": {
    "mention_precision_macro": 0.8312425744963827,
    "mention_precision_macro_std": 0.002288900225588084,
    "mention_recall_macro": 0.8271445369390594,
    "mention_recall_macro_std": 0.0032047581512022706,
    "mention_f1_macro": 0.8287487509606336,
    "mention_f1_macro_std": 0.0029506748189472424,
    "mention_f1_micro": 0.8321513002364066,
    "mention_f1_micro_std": 0.0030144949345125463,
    "mention_f1_weighted": 0.8316260339952148,
    "mention_f1_weighted_std": 0.0031479244413188333,
    "mention_auc_roc": 0.9059535528492431,
    "mention_auc_roc_std": 0.003071450862891309,
    "mention_auc_pr": 0.9102238024849048,
    "mention_auc_pr_std": 0.0061337904028970535,
    "sentiment_precision_macro": 0.8931786736651525,
    "sentiment_precision_macro_std": 0.003491737483531757,
    "sentiment_recall_macro": 0.7182411161421844,
    "sentiment_recall_macro_std": 0.0024640830895233242,
    "sentiment_f1_macro": 0.7945908584473885,
    "sentiment_f1_macro_std": 0.001995141438149787,
    "sentiment_f1_micro": 0.8366064122330303,
    "sentiment_f1_micro_std": 0.0016734910090602834,
    "sentiment_f1_weighted": 0.834397580786205,
    "sentiment_f1_weighted_std": 0.0016734122223001334,
    "sentiment_f1_samples": 0.764645601653683,
    "sentiment_f1_samples_std": 0.0021315007867597187,
    "sentiment_auc_roc": 0.9435514553435123,
    "sentiment_auc_roc_std": 0.002085459107094527,
    "sentiment_auc_pr": 0.8855470771485414,
    "sentiment_auc_pr_std": 0.0017185741473261314,
    "combined_f1": 0.7966971763071583,
    "combined_f1_std": 0.0019595814107260497
  },
  "fold_results": [
    {
      "mention_precision_macro": 0.8345864240653147,
      "mention_recall_macro": 0.8315067678308868,
      "mention_f1_macro": 0.8328248153128692,
      "mention_f1_micro": 0.8362196932211776,
      "mention_f1_weighted": 0.8358411748124196,
      "mention_auc_roc": 0.9084382862189411,
      "mention_auc_pr": 0.9124625236486206,
      "sentiment_precision_macro": 0.8927461681406559,
      "sentiment_recall_macro": 0.7220333332242532,
      "sentiment_f1_macro": 0.7970179426395761,
      "sentiment_f1_micro": 0.8364500792393027,
      "sentiment_f1_weighted": 0.8343642900569926,
      "sentiment_f1_samples": 0.7649001236254799,
      "sentiment_auc_roc": 0.943042835377513,
      "sentiment_auc_pr": 0.8851214287847561,
      "combined_f1": 0.7988624694691746
    },
    {
      "mention_precision_macro": 0.8289639529414142,
      "mention_recall_macro": 0.825184046816691,
      "mention_f1_macro": 0.8266721581658056,
      "mention_f1_micro": 0.8296772774753972,
      "mention_f1_weighted": 0.8291854166113639,
      "mention_auc_roc": 0.904047218615293,
      "mention_auc_pr": 0.9086449415577604,
      "sentiment_precision_macro": 0.8910563994664432,
      "sentiment_recall_macro": 0.7143707121615792,
      "sentiment_f1_macro": 0.7913337048326526,
      "sentiment_f1_micro": 0.8335302330576737,
      "sentiment_f1_weighted": 0.8314126583176725,
      "sentiment_f1_samples": 0.7604926043317486,
      "sentiment_auc_roc": 0.9425658950682259,
      "sentiment_auc_pr": 0.8843342557076457,
      "combined_f1": 0.7935823812487771
    },
    {
      "mention_precision_macro": 0.8318783956716265,
      "mention_recall_macro": 0.8275709168228693,
      "mention_f1_macro": 0.829272079283069,
      "mention_f1_micro": 0.8326461047886085,
      "mention_f1_weighted": 0.8320998214255685,
      "mention_auc_roc": 0.9089652096769104,
      "mention_auc_pr": 0.915018709697025,
      "sentiment_precision_macro": 0.8937295879594876,
      "sentiment_recall_macro": 0.717826023260215,
      "sentiment_f1_macro": 0.7952832487617855,
      "sentiment_f1_micro": 0.8382313723398581,
      "sentiment_f1_weighted": 0.8365675002252373,
      "sentiment_f1_samples": 0.7655092137189323,
      "sentiment_auc_roc": 0.9474926791320263,
      "sentiment_auc_pr": 0.8889380927807622,
      "combined_f1": 0.7973906465010007
    },
    {
      "mention_precision_macro": 0.8323883993631873,
      "mention_recall_macro": 0.8292160799421893,
      "mention_f1_macro": 0.8305816796269542,
      "mention_f1_micro": 0.8342954532959481,
      "mention_f1_weighted": 0.8338982877494682,
      "mention_auc_roc": 0.9074635751037571,
      "mention_auc_pr": 0.9159446099907788,
      "sentiment_precision_macro": 0.8993747761678245,
      "sentiment_recall_macro": 0.717894618013859,
      "sentiment_f1_macro": 0.7958668179891366,
      "sentiment_f1_micro": 0.8379500657030223,
      "sentiment_f1_weighted": 0.8349273694908261,
      "sentiment_f1_samples": 0.7659998057686704,
      "sentiment_auc_roc": 0.9413308329985872,
      "sentiment_auc_pr": 0.8848716495302362,
      "combined_f1": 0.7982907426978123
    },
    {
      "mention_precision_macro": 0.8283957004403704,
      "mention_recall_macro": 0.8222448732826606,
      "mention_f1_macro": 0.8243930224144698,
      "mention_f1_micro": 0.8279179724009016,
      "mention_f1_weighted": 0.8271054693772537,
      "mention_auc_roc": 0.9008534746313139,
      "mention_auc_pr": 0.8990482275303389,
      "sentiment_precision_macro": 0.888986436591351,
      "sentiment_recall_macro": 0.7190808940510153,
      "sentiment_f1_macro": 0.7934525780137918,
      "sentiment_f1_micro": 0.8368703108252947,
      "sentiment_f1_weighted": 0.834716085840296,
      "sentiment_f1_samples": 0.7663262608235838,
      "sentiment_auc_roc": 0.9433250341412087,
      "sentiment_auc_pr": 0.8844699589393071,
      "combined_f1": 0.7953596416190267
    }
  ],
  "timestamp": "2026-05-02T11:58:20.947434"
}