{
  "Logistic Regression": {
    "model": "LogisticRegressionABSA",
    "best_fold": 3,
    "best_combined_f1": 0.8759988204641176,
    "avg_metrics": {
      "mention_precision_macro": 0.9424401889389129,
      "mention_precision_macro_std": 0.0007628703107414946,
      "mention_recall_macro": 0.9408116665808256,
      "mention_recall_macro_std": 0.0008864750682720679,
      "mention_f1_macro": 0.94130759833377,
      "mention_f1_macro_std": 0.0008110358359568735,
      "mention_f1_micro": 0.9414591236461597,
      "mention_f1_micro_std": 0.000783242787113443,
      "mention_f1_weighted": 0.9414051065720438,
      "mention_f1_weighted_std": 0.0007883644654125144,
      "mention_auc_roc": 0.9839240259491847,
      "mention_auc_roc_std": 0.0007954120836470407,
      "mention_auc_pr": 0.9840512745983456,
      "mention_auc_pr_std": 0.001186258213502905,
      "sentiment_precision_macro": 0.916484188925579,
      "sentiment_precision_macro_std": 0.004286746014624277,
      "sentiment_recall_macro": 0.6527510671747392,
      "sentiment_recall_macro_std": 0.004033407636604278,
      "sentiment_f1_macro": 0.7351059160752544,
      "sentiment_f1_macro_std": 0.004837973746349133,
      "sentiment_f1_micro": 0.8549294744225089,
      "sentiment_f1_micro_std": 0.0026771323919361593,
      "sentiment_f1_weighted": 0.8408708097306248,
      "sentiment_f1_weighted_std": 0.002939062658011358,
      "sentiment_f1_samples": 0.804778565737041,
      "sentiment_f1_samples_std": 0.0030052953670088615,
      "sentiment_auc_roc": 0.883691492662335,
      "sentiment_auc_roc_std": 0.004891826043890484,
      "sentiment_auc_pr": 0.8675357332994643,
      "sentiment_auc_pr_std": 0.004679745797662821,
      "combined_f1": 0.8730430820354055,
      "combined_f1_std": 0.0017187335872483822
    }
  }
}