{
  "Xlm Roberta": {
    "model": "XLMRoBERTaForABSA",
    "best_fold": 2,
    "best_combined_f1": 0.9737641099031606,
    "avg_metrics": {
      "mention_precision_macro": 0.9884974525618857,
      "mention_precision_macro_std": 0.0012989050544532376,
      "mention_recall_macro": 0.9881998192228802,
      "mention_recall_macro_std": 0.001301421628211504,
      "mention_f1_macro": 0.9883284857295728,
      "mention_f1_macro_std": 0.0012965019892382044,
      "mention_f1_micro": 0.9883446038814668,
      "mention_f1_micro_std": 0.0012916971933004306,
      "mention_f1_weighted": 0.9883428251782911,
      "mention_f1_weighted_std": 0.0012918790878410041,
      "mention_auc_roc": 0.994891550407005,
      "mention_auc_roc_std": 0.0008133477710819906,
      "mention_auc_pr": 0.9956673533952669,
      "mention_auc_pr_std": 0.0008591981134701547,
      "sentiment_precision_macro": 0.9551598350834283,
      "sentiment_precision_macro_std": 0.0028210676710669295,
      "sentiment_recall_macro": 0.9458836670892401,
      "sentiment_recall_macro_std": 0.003185700744595404,
      "sentiment_f1_macro": 0.9504596690751692,
      "sentiment_f1_macro_std": 0.002530870183065381,
      "sentiment_f1_micro": 0.9638633657575927,
      "sentiment_f1_micro_std": 0.0014538697412834916,
      "sentiment_f1_weighted": 0.9639362792481811,
      "sentiment_f1_weighted_std": 0.0014275392749026707,
      "sentiment_f1_samples": 0.9545108783410423,
      "sentiment_f1_samples_std": 0.0024979477211740956,
      "sentiment_auc_roc": 0.9849682022685069,
      "sentiment_auc_roc_std": 0.0013581681779445045,
      "sentiment_auc_pr": 0.9741347981625331,
      "sentiment_auc_pr_std": 0.0019201142962751536,
      "combined_f1": 0.9714196820353076,
      "combined_f1_std": 0.0018152978260630376
    }
  }
}