{
  "Phobert": {
    "model": "PhoBERTForABSAMultiPolarity",
    "best_fold": 4,
    "best_combined_f1": 0.8905371106464783,
    "avg_metrics": {
      "mention_precision_macro": 0.8640485606196746,
      "mention_precision_macro_std": 0.004609339080713206,
      "mention_recall_macro": 0.8829267070941018,
      "mention_recall_macro_std": 0.004791596659208449,
      "mention_f1_macro": 0.872674070876571,
      "mention_f1_macro_std": 0.004452889983563659,
      "mention_f1_micro": 0.8983318945977915,
      "mention_f1_micro_std": 0.0033282770733831634,
      "mention_f1_weighted": 0.8996167475561732,
      "mention_f1_weighted_std": 0.0032632011217806644,
      "mention_auc_roc": 0.9473694182973308,
      "mention_auc_roc_std": 0.003421831759909369,
      "mention_auc_pr": 0.8855652363795603,
      "mention_auc_pr_std": 0.006451050395837758,
      "sentiment_precision_macro": 0.8064329931220007,
      "sentiment_precision_macro_std": 0.0094288331912093,
      "sentiment_recall_macro": 0.8404415687077245,
      "sentiment_recall_macro_std": 0.011952115829184675,
      "sentiment_f1_macro": 0.82279307160162,
      "sentiment_f1_macro_std": 0.010185208879677566,
      "sentiment_f1_micro": 0.8894383291896656,
      "sentiment_f1_micro_std": 0.00360713829591691,
      "sentiment_f1_weighted": 0.8897635562175253,
      "sentiment_f1_weighted_std": 0.004205196740648561,
      "sentiment_f1_samples": 0.8963877882224442,
      "sentiment_f1_samples_std": 0.004082006535872311,
      "sentiment_auc_roc": 0.9528972319562342,
      "sentiment_auc_roc_std": 0.0037998364047996027,
      "sentiment_auc_pr": 0.879153615891649,
      "sentiment_auc_pr_std": 0.01339511637525453,
      "combined_f1": 0.8845309295495077,
      "combined_f1_std": 0.0037287608645693573
    }
  }
}